slug,genre,title,meta_description,lead,key_points,priority,tags,author_name,author_profile,reviewer_name,reviewer_profile,fact_checked_at,primary_sources,original_note,user_intent,action_items,update_policy,last_reviewed_at,next_review_at,source_checked_at,content_status,revision_note,section_1_heading,section_1_body,section_2_heading,section_2_body,section_3_heading,section_3_body,section_4_heading,section_4_body,section_5_heading,section_5_body,section_6_heading,section_6_body,section_7_heading,section_7_body,faq_1_question,faq_1_answer,faq_2_question,faq_2_answer,related_links,faq_3_question,faq_3_answer,faq_4_question,faq_4_answer
exam-overview,試験概要,証券外務員試験の概要と4分野の出題範囲,証券外務員一種・二種試験の全体像を、日本証券業協会の公表情報を軸に整理。4分野・CBT形式・一種と二種の違い、学習開始時の優先順位と独学の進め方を具体的に解説します。,証券外務員一種・二種試験の目的、出題4分野、試験形式（CBT）の違いを整理します。たとえば6月試験なら残り16週から逆算し、4分野を1周するペースを決めます。日本証券業協会の公式案内を起点に学習計画を立てるための地図として使える記事です。独学で何から手を付けるか迷っている人向けに、最初の1週間の進め方も示します。,まず確認する公式情報;このサイトで確認できること;受験前に押さえる項目;公式情報の更新に注意;次に読むページ,10,試験概要;公式情報,証外マスター編集部,資格学習サイトの編集チーム,公式情報確認担当,公開前に一次情報との照合を行う担当者,2026-06-16,日本証券業協会（公式）|https://www.jsda.or.jp/,手書きリライト 2026-06-16。公式情報の確認順序とサイト内演習への導線をセットにした概要記事です。,本記事を読むと、証券外務員試験で最初に押さえる前提が明確になり、公式情報確認から4分野の学習循環、復習の回し方までを迷わず設計できるようになります。,日本証券業協会の試験案内で当年度の試験日程・受験区分（一種／二種）を確認する;4分野ごとの学習時間配分を決め、1週間単位の学習枠を先に固定する;一種は100問160分、二種は70問120分の形式を前提に月2回の通し演習を予定へ組み込む;誤答ノートを作成し、分野別に再発しやすい論点を記録する;受験手続きの期限と学習計画を同じカレンダーで管理する,試験要項や公式ページが更新されたタイミングで本文と参照元を見直します。,2026-06-16,2026-06-29,2026-06-16,published,手書きリライト・具体例,試験の目的と一種・二種の違い,証券外務員試験は、有価証券の勧誘・販売に携わる者が必要な知識を測る国家資格です。一種は店頭販売や投資助言など幅広い業務、二種は主に店頭販売に焦点が当たります。たとえば令和8年度の第2章で投資信託を学んだ直後に、6月15日試験の事例問題では、商品の仕組み（金融商品・サービス）と適合性の原則（勧誘・販売規則）の両方を問う設問が出ます。受験区分は勤務先の業務範囲と照合し、日本証券業協会の受験要項で要件を確定してください。,4分野とCBT形式の押さえ方,出題範囲は外務員必携に沿った4分野です。金融商品・サービス、勧誘・販売規則、金融商品取引法、その他法令・業務。試験はCBT（コンピューター上での解答）で実施され、一種は100問160分、二種は70問120分が目安です（年度・要項で再確認）。例えば一種100問160分では、金融商品取引法の条文問題と勧誘・販売規則の書面交付問題が別分野ですが、事例問題では組み合わせて問われるため、事例問題では組み合わせて問われるため、分野横断の演習を月1回は入れてください。,独学の初期4週間の進め方,最初の4週間は、公式テキスト1冊と演習10問×4セットに絞ると継続しやすくなります。第1週は金融商品・サービスの第1章を読み、週末に演習10問で正答率を測定します。第2週は勧誘・販売規則、第3週は金融商品取引法、第4週はその他法令・業務と、4分野を1周するペースです。たとえば正答率が50％を下回る分野は翌週の平日30分を追加し、弱点を先に埋める方が後半の通し演習が楽になります。,復習と演習の回し方,復習は「当日・3日後・1週間後」の3回を基本にすると定着を確認しやすくなります。演習後は誤答原因を知識不足・読解不足・時間不足に分類し、次週の学習に反映してください。例えば勧誘・販売規則で「書面交付のタイミング」を誤った場合は、用語解説で定義を確認し、同分野の演習5問を翌日に解き直します。記録は簡潔でよいので、必ず次回の改善点まで残してください。週末の通し演習前に誤答ノート3件を声に出して確認する習慣も有効です。,注意点と公式情報の優先,非公式の体験談を学習方針の起点にしないことが重要です。受験条件や試験運用は年度で変わることがあるため、最終判断は日本証券業協会の公表に戻します。学習初期に教材を増やし過ぎると復習頻度が落ち、4分野を循環できなくなります。教材は少数に固定し、100問160分（一種）または70問120分（二種）に対応する演習と復習の反復を優先すると、独学でも安定して伸ばせます。たとえば残り12週なら、土曜に50問の通し演習を月2回入れると本番の時間感覚が身につきます。,,,,,一種と二種はどちらを受験すればよいですか？,勤務先の業務範囲と日本証券業協会の受験要項で判断します。店頭販売中心なら二種、投資助言やより広い外務業務を担う場合は一種が対象となることが多いです。たとえば部門異動の予定がある場合は、将来の業務に必要な区分を会社のコンプライアンス部門と確認してから申込してください。要項の区分表が最終判断の根拠です。,4分野はどの順番で学ぶのが効率的ですか？,金融商品・サービスで商品知識を固めてから、勧誘・販売規則へ進む順が多くの受験者に向いています。例えば投資信託の仕組みを理解したうえで適合性の原則を学ぶと、事例問題の読み解きが速くなります。その後に金融商品取引法、その他法令・業務と進め、4周目以降は分野横断の通し演習に切り替えてください。,study-plan:学習計画の立て方;past-question-strategy:過去問の使い方,独学でのおすすめの進め方は？,独学では、教材を固定して復習回数を増やす方が成果につながりやすいです。平日は分野別の基礎確認、週末は本番形式の演習、演習後は誤答の原因分析という流れを毎週繰り返してください。たとえば火曜と木曜に各30分、土曜に90分の演習枠をカレンダー登録しておくと、忙しい時期でも学習が途切れにくくなります。,,
study-plan,学習計画,証券外務員試験の勉強計画の立て方【週次·4分野配分】,証券外務員試験（一種·二種）の勉強計画を、試験日逆算·4分野配分·週次演習の観点で整理。初学者80〜150時間の目安、16週スケジュール例、210点/308点までの通し演習の入れ方を表で解説します。,証券外務員資格試験はCBTで通年受験でき、一般受験者は受験日の60日前〜5営業日前までプロメトリックで予約します（要項·予約サイトで再確認）。二種は70問120分·210点合格、一種は100問160分·308点合格が形式の骨格です。たとえば10月CBT予約で残り16週なら、第1〜4週で4分野1周、平日45分×週5＋日曜70問通し、という週次表が本記事の起点です。初学者の総学習量はおおむね80〜150時間が目安です（個人差あり）。,全体像を分野に分ける;過去問と用語を往復する;復習日を先に決める;直前期の使い方;学習スタイル別の進め方,20,試験対策;学習計画,証外マスター編集部,資格学習サイトの編集チーム,学習導線確認担当,演習データと記事導線を確認する担当者,2026-06-19,日本証券業協会（公式）|https://www.jsda.or.jp/,手書きリライト 2026-06-17。分野設定と復習機能を使う前提で、読者がその場で学習計画に落とし込める構成にしています。;greenfield_done,本記事を読むと、たとえば残り16週·平日45分×5日の枠から第1週=商品·第2週=勧誘·第3週=金商法·第4週=その他法令の週次表を自分のカレンダーに書き込めるようになります。,受験日と予約可能期間（60日前〜5営業日前）をカレンダーに登録する;残り週数を算出し、16週例か短縮版を選ぶ;4分野ごとに週1ブロックと演習10問/週を固定する;月2回、二種70問120分または一種100問160分の通しを入れる;pass-scoreで210点/308点の得点記録フォーマットを決める,出題範囲やサイト機能を変更した場合は学習手順も見直します。,2026-06-19,2026-06-29,2026-06-19,published,2026-06-19: greenfield完了（試験ファクト照合·新規執筆）,勉強時間の目安（初学者·社会人）,"独学初学者の総学習時間は、おおむね80〜150時間が目安です（区分·経験で変動）。社会人が平日45分×週5日＋土日2時間なら、週約5.75時間、16週で約92時間となり、下限に近いペースです。一種は100問160分·範囲が広いため、同じ週数なら1日あたり15〜30分増やすか、週数を20週前後に延ばす判断が現実的です。たとえば6月19日時点で11月CBTを視野に入れるなら、7月から16週プランを開始し、9週目以降に通し演習を月2回入れる段階設計が安全です。時間の正本は「何時間で合格」ではなく、210点/308点の得点ログです。

| 学習者 | 週あたり目安 | 16週合計 | 向く区分 |
| --- | --- | --- | --- |
| 社会人（平日中心） | 5〜7時間 | 80〜112時間 | 二種 |
| 週末集中 | 8〜10時間 | 128〜160時間 | 一種も可 |
| 学生·フルタイム | 10〜15時間 | 160時間超 | 一種 |
| 判定 | 得点換算 | 210点/308点 | pass-score参照 |",4分野の週次配分,"当サイトの4分野（金融商品·勧誘規則·金商法·その他法令）は、外務員必携4巻1周のペース組みに向いています。第1週=商品、第2週=勧誘、第3週=金商法、第4週=その他法令と週1分野を固定し、各週末に分野タグ演習10問を入れます。例えば第3週（金商法）の平日は必携該当章を45分×5日、日曜に金商法タグ10問＋誤答3問の声出し復習、という型が続きやすいです。2周目以降は弱点分野に週を寄せ、正答率50％未満のタグへ時間を戻してください。

| 週 | 分野 | 平日（45分×5） | 日曜 |
| --- | --- | --- | --- |
| 1 | 金融商品·サービス | 必携·テキスト該当章 | 演習10問 |
| 2 | 勧誘·販売規則 | 同上 | 演習10問 |
| 3 | 金融商品取引法 | 同上 | 演習10問 |
| 4 | その他法令·業務 | 同上 | 演習10問 |
| 5〜 | 弱点分野再配分 | 誤答章再読 | 20問混合 |",受験日から逆算した全体スケジュール,"CBTは自分で受験日を選ぶため、計画は「予約確定日」から逆算します。一般受験者は受験日の60日前から予約可能、5営業日前が目安の締切です（プロメトリック·要項で再確認）。16週プランの骨格は、1〜4週で4分野1周、5〜12週で2周目＋演習増、13〜16週で通し本番形式と誤答集中です。たとえば11月15日受験なら、8月初旬から16週カウントを開始し、10月から月2回の70問120分（二種）通しをカレンダーに先にブロックします。予約は学習2周目が終わるタイミング（残り8週前後）でも構いませんが、締切5営業日前ルールを守るため、受験日は早めに仮置きしてください。

| 残り週 | フェーズ | 主な作業 | 演習 |
| --- | --- | --- | --- |
| 16〜13週 | 1周目 | 4分野順読 | 週10問 |
| 12〜9週 | 2周目 | 弱点章 | 週20問 |
| 8〜5週 | 仕上げ | 通し得点計測 | 月2回通し |
| 4〜1週 | 直前 | 誤答·版数確認 | 210点/308点確認 |",テキスト·必携·演習の順序,"学習の正本は外務員必携（日証協発行·全4巻）と要項の出題範囲表です。市販テキストは必携の要約·演習問題集として使い、「テキストだけ→演習だけ」に偏らない順序が安全です。1章の流れは、必携該当章を読む→用語集で不明語を1件だけ深掘り→当サイトの分野タグ演習5問、が15〜20分単位で回せます。例えば第2週（勧誘）の火曜45分は、必携の勧誘章20ページ＋適合性の用語1件＋演習5問、という固定テンプレにすると迷いません。テキスト選びの詳細は textbook-selection、4分野地図は exam-scope-overview が正本です。

| 順序 | 内容 | 時間目安 | 記録 |
| --- | --- | --- | --- |
| 1 | 必携該当章 | 30〜45分 | 章番号 |
| 2 | 用語1件 | 10分 | terms/ |
| 3 | 演習5〜10問 | 15〜25分 | 正答·タグ |
| 4 | 誤答1行メモ | 5分 | 翌週再読 |",通し演習のタイミング,"本番形式の通し演習は、4分野1周後（残り12週前後）から月2回入れるのが目安です。二種は70問120分·300点満点換算、一種は100問160分·440点満点換算で、210点/308点との差分を毎回1行メモします。たとえば9月の第2日曜に二種70問で185点（210点まで−25点）なら、10月は五肢週15問を増やし、11月第1日曜に再通し、という2ヶ月サイクルが見えます。短い10問セットは通勤向け、通しは日曜固定、と役割を分けてください。通しの回し方の詳細は past-question-strategy と組み合わせると記録フォーマットが揃います。

| 時期 | 二種 | 一種 | 合格目標 |
| --- | --- | --- | --- |
| 1周目終了 | 35問半分 | 50問半分 | 形式慣れ |
| 2周目以降 | 70問120分 | 100問160分 | 210点/308点 |
| 直前4週 | 月2回通し | 月2回通し | 得点安定 |
| 記録 | 〇×2点+五肢10点 | 同上 | pass-score参照 |",遅延時の修正,計画と実績の差が2週続いたら、新規インプットより演習·誤答復習に切り替えます。残り8週しかないのに1周目が終わっていない場合、4分野を「演習10問だけ」に縮小し、必携は誤答章だけ再読する短縮版に切り替えてください。例えば残り6週で185点止まりなら、新章の読み込みを止め、五肢20問のうち誤答12問の解き直し＋通し月2回、にリソースを集中します。受験日の延期（CBT予約変更）も選択肢ですが、60日前〜5営業日前の予約ルール内で、空き枠と学習残量を要項·サイトで確認してください。合格点の換算は pass-score、形式確認は exam-format-overview を参照します。,,,証券外務員試験は何週間勉強すれば足りますか？,初学者は80〜150時間·おおむね12〜20週が目安です（区分·経験で変動）。社会人が平日45分×週5なら16週で約92時間となり、二種の下限に近いペースです。たとえば10月CBT予約で残り16週なら、第1〜4週で4分野1周から始め、得点210点/308点の通し記録で進捗を判断してください。,4分野は毎週均等に配分すべきですか？,1周目は週1分野（商品→勧誘→金商法→その他法令）の均等配分が組みやすいです。2周目以降は演習正答率50％未満の分野に週を寄せてください。例えば金商法タグ10問中4問なら、第7週を金商法再読＋演習15問に差し替える、という修正が210点/308点に直結します。足切りはありませんが、弱点放置は得点を削ります。,exam-scope-overview:出題範囲と4分野;pass-score:210点/308点の得点記録;past-question-strategy:通し演習の回し方,いつCBT予約を入れるのがよいですか？,一般受験者は受験日の60日前から予約可能、5営業日前が目安の締切です（プロメトリック·要項で再確認）。4分野1周（残り12週前後）が終わり、通し演習を月2回入れられる段階で仮の受験日を確定すると、逆算計画がブレにくくなります。たとえば8月に16週プラン開始なら、10月末〜11月受験の予約を視野に入れてください。,,
past-question-strategy,過去問活用,証券外務員試験の過去問・模試の使い方,"('証券外務員試験の過去問・模試の効果的な使い方を整理。', '誤答分類、用語解説との往復、解き直しタイミング、通し演習への接続を具体例付きで解説します。')","('証券外務員試験の演習・過去問を、解くだけで終わらせない活用法を整理します。', 'たとえば残り12週あるとき、週10問を解いたあと誤答3件を用語解説で確認し、3日後に解き直すサイクル例も示します。', '一種・二種の問題形式に合わせた記録の取り方と、本番前の仕上げ手順まで解説します。')",最初は年度別に解く;間違いの理由を分類する;解説から用語へ戻る;解き直しのタイミング;関連記事と組み合わせる,30,過去問;復習,証外マスター編集部,資格学習サイトの編集チーム,問題データ確認担当,過去問CSVと解説導線を確認する担当者,2026-06-17,日本証券業協会（公式）|https://www.jsda.or.jp/,手書きリライト 2026-06-17。過去問を解いた後に用語解説へ戻る行動を明示し、単なる一般論にしない構成です。,"('本記事を読むと、週10問演習の結果を弱点改善に結びつける手順が分かり、たとえば誤答ノート3件を水曜に解き直すサイクル', 'を一貫して運用できるようになります。')",週10問以上の演習を計画に固定し、解答日時を記録する;誤答を知識不足・読解不足・時間不足に分類する;誤答用語を用語解説で確認し、関連用語を2件読む;3日後と1週間後に同じ問題を解き直す;月2回は本番形式の通し演習を実施する,過去問CSVを追加した場合は、年度・問題番号・解説との整合性を確認します。,2026-06-17,2026-06-29,2026-06-17,published,手書きリライト・具体例,過去問演習の最初の1周の進め方,"('最初の1周は分野タグ付きで10問ずつ解き、正答率のベースラインを測ります。', 'たとえば金融商品取引法10問で正答率40％、勧誘・販売規則10問で60％、という記録から弱点分野を特定できます。', '解説は全部読まず、誤答と迷った問題だけ深読みします。', '1周目は時間制限なしで構いませんが、1問あたり使った時間はメモし、遅い分野を把握してください。', ' 金融商品取引法と勧誘・販売規則の誤答は優先的に用語解説へ戻すと効率が上がります。')",誤答理由の分類とノート運用,"('誤答は「知識不足」「読解不足（問題の読み違え）」「時間不足」の3つに分類します。', '例えば令和8年度の演習で適合性の原則を誤り、条文番号を40条と37条で取り違えた場合は知識不足、「誤っているものを選', 'べ」で正しい肢を選んだ場合は読解不足です。ノートは1行1問で、分野・誤答理由・関連用語を書き、週末に上位3件を声に出', 'して復習します。金融商品取引法と勧誘・販売規則の誤答は優先的に用語解説へ戻すと効率が上がります。')",用語解説への接続ルート,"('演習で出た用語は、本サイトの用語解説で定義を確認し、関連用語リンクを2件読む流れが効率的です。', 'たとえば令和8年度の演習で「重要事項説明」に誤答したら、用語ページで定義を確認し、「契約締結前交付書面」「勧誘規則」', 'へ進むと知識が塊で定着します。用語確認後は同分野の演習5問を当日か翌日に解き直し、定着を数値で確認してください。', '金融商品取引法と勧誘・販売規則の誤答は優先的に用語解説へ戻すと効率が上がります。')",解き直しサイクルの設計,"('解き直しは「当日・3日後・1週間後」の3回が基本です。', '例えば月曜に金融商品取引法10問で正答率50％、水曜に誤答3問だけ、翌週月曜に同じ3問を15分制限で再挑戦します。', '2回目で正解できた問題はノートから消し、3回目も誤る問題は用語解説と教材該当章へ戻ります。', '解き直しリストをスマホメモに作り、通知でリマインドすると実行率が上がります。')",本番形式への仕上げ方,"('直前1か月は週1回、本番と同じ問題数・時間で通し演習します。一種なら100問160分、二種なら70問120分が目安です。', '最初は50問からでも構いません。たとえば残り4週なら、第1週50問、第2週70問、第3・4週で本番本数、と段階的に増やします。', '通し演習後は未解答数と誤答分野を記録し、最終週は新規学習を止め誤答ノートと用語復習に集中してください。', ' 金融商品取引法と勧誘・販売規則の誤答は優先的に用語解説へ戻すと効率が上がります。')",,,,,過去問は何問解けば十分ですか？,"('本数より「誤答の再発防止」が重要です。たとえば累計200問解いても同じ用語で3回誤るなら、その用語の定義確認と解き直しが先です。', '目安としては残り12週なら週15問以上、通し演習月2回を入れると本番形式への慣れがつきます。正答率の推移を週次で記録してください。')",解説を全部読むべきですか？,"('正解した問題でも迷った肢がある場合だけ解説を読む、が時間効率が良いです。', '例えば正答率70％の演習なら、誤答と迷い3問分の解説＋関連用語2件で十分な復習になります。', '全問解説を読むと復習時間が足りなくなるため、ノートに「要再読」タグを付けて週末にまとめて読む運用がおすすめです。')",study-plan:学習計画;glossary-how-to:用語解説の使い方,模試とサイトの演習はどう使い分けますか？,"('サイト演習は分野別・短時間で弱点補強、模試は通し形式で時間配分の訓練に使い分けます。', 'たとえば平日は分野タグ付き10問、土曜に模試50問、という週次リズムが作りやすいです。', '模試の誤答は必ず用語解説と結びつけ、翌週の平日演習で同分野を5問追加してください。')",,
glossary-how-to,用語ハブ活用法,証券外務員試験・用語解説での知識整理,"('証券外務員試験の用語解説の活用法を整理。一覧からの弱点拾い、関連用語の回遊、演習との往復、分野別復習の手順を具体例付', 'きで解説します。')","('証券外務員試験の用語解説300件を、演習と組み合わせて効率よく使う方法を整理します。', 'たとえば残り8週あるとき、演習で誤った「特定口座」を用語ページで確認し、関連用語「源泉徴収」「NISA」へ進む往復例も示します。', '分野別の読み方と、直前期の絞り込み手順まで解説します。')",用語集の使い方のコツ;個別ページで詳しく説明する;関連用語で回遊を作る;例題と要点で深める;テーマ別にまとめて読む,40,用語集;知識整理,証外マスター編集部,資格学習サイトの編集チーム,用語データ確認担当,用語CSVの重複とカテゴリを確認する担当者,2026-06-17,日本証券業協会（公式）|https://www.jsda.or.jp/,手書きリライト 2026-06-17。300件以上の用語データを静的HTMLとアプリ内検索の両方で活用する前提を説明します。,"('本記事を読むと、用語解説を演習の誤答から関連用語2件へ広げる手順が分かり、たとえば週5語×8週で40語を深く理解する', 'ペースを自分で設計できるようになります。')",用語一覧で分野フィルタを使い、弱点分野から5語読む;演習誤答語を用語ページで定義確認し、関連用語2件を読む;重要度Aの用語から未読を週5件ずつ消化する;用語ページのFAQを1問声に出して確認する;直前2週は誤答ノートに載った用語だけに絞る,用語CSVを追加・修正した場合は、重複・カテゴリ・関連リンクを検証します。,2026-06-17,2026-06-29,2026-06-17,published,手書きリライト・具体例,用語一覧から弱点を拾う方法,"('用語一覧（/terms/）は分野タグと重要度で絞り込めます。演習後に正答率が低かった分野を選び、たとえば金融商品取引法で誤答が多い週は', '、その分野の重要度A用語から5件読む、という運用が効率的です。', '一覧で短い定義を見たあと、気になる用語だけ詳細ページへ進んでください。', '毎週日曜に「今週読んだ用語5件」をメモし、翌週の演習で再登場したか確認すると定着が測れます。', ' 重要度Aの用語は週5件ずつ読み、演習10問で再登場したか確認してください。')",個別用語ページの読み方,"('各用語ページは定義・試験の要点・よくある誤答・FAQで構成されています。', '例えば「勧誘規則」を開いたら、まず短い定義を読み、試験の要点4行をハイライトし、FAQの1問を声に出して答えられるか確認します。', '全文を一度に暗記しようとせず、演習で再登場したタイミングで2回目を読むと記憶に残りやすくなります。', ' 重要度Aの用語は週5件ずつ読み、演習10問で再登場したか確認してください。')",関連用語リンクで知識を広げる,"('用語ページ末尾の関連用語は、知識の塊を作る導線です。', 'たとえば令和8年度の演習後に「本人確認」を読み、「取引時確認」「犯罪収益移転防止法」「疑わしい取引の届出」へ進むとA', 'ML手続が一連の流れとして理解できます。1つの用語から関連2件を読むY字ルートを週3セット決めると、分野横断の理解が進みます。', '重要度Aの用語は週5件ずつ読み、演習10問で再登場したか確認してください。')",演習と用語を往復する手順,"('効果的な順序は「演習→誤答用語→関連用語→同分野演習5問」です。', '例えば月曜10問演習、火曜に誤答2語を用語解説で確認、水曜に関連用語2件、木曜に同分野5問、という4日サイクルが作れます。', '往復を1セットとして週2セット入れると、用語の定着と正答率の改善が同時に見えます。', '用語だけ読んで演習しないと本番で再現できない点に注意してください。', ' 重要度Aの用語は週5件ずつ読み、演習10問で再登場したか確認してください。')",分野別にまとめて復習する,"('4分野それぞれで「核になる用語10個」をリストアップし、試験直前に総復習します。', 'たとえば勧誘・販売規則なら適合性の原則、重要事項説明、勧誘規則、高齢者への勧誘など、令和8年度の誤答ノートと重要度A', 'を照合して10語を選びます。直前2週は新規用語を増やさず、この10語×4分野を声出しと演習5問で回すだけに絞ると、頭', 'の中が整理されます。重要度Aの用語は週5件ずつ読み、演習10問で再登場したか確認してください。')",,,,,用語は全部覚える必要がありますか？,"('300語すべてを一字一句暗記する必要はありません。重要度Aと演習で誤った語を優先し、たとえば残り8週なら週10語×8', '週で80語を深く理解する方が得点に直結します。関連用語のつながりが分かると、未読の語も推測しやすくなるため、塊で覚え', 'ることを意識してください。')",テキストと用語解説はどちらを先に読みますか？,"('章を読んだ直後に、その章のキーワードを用語解説で確認する順がおすすめです。', '例えば外務員必携の勧誘・販売規則の第2章を読んだ日に、用語で「適合性の原則」「重要事項説明」を読み、翌日に演習5問を', '解くと定着が早まります。テキストだけ、用語だけ、の片方偏重は避けてください。')",exam-overview:試験概要;past-question-strategy:過去問の使い方,スマホで用語を復習するコツは？,"('通勤中は短い定義と試験の要点だけ読み、FAQは週末にまとめて声出しするのが現実的です。', 'たとえば往路15分で用語3件の定義、復路15分で関連用語リンク2件、という切り方なら負担が少なく継続できます。', 'ブックマークした用語は誤答ノートと同じリストで管理すると迷いません。')",,
official-info-sources,試験概要,証券外務員試験・公式情報の確認先と手順,証券外務員試験の公式情報をどこで確認するかを整理。日本証券業協会の一次情報の読み方、受験前チェック項目、次に読むべき関連記事を示します。,証券外務員試験の一次情報は日本証券業協会の試験案内に集約されています。たとえば申込開始が3月1日なら、残り12週で要項・テキスト改訂・合格発表の確認順序を固定します。非公式情報との照合方法も整理し、申込前チェックリストとしてそのまま使える項目を載せています。,試験の目的と位置づけ;まず確認する公式情報;このサイトでできること;受験前に押さえる項目;次に読む記事,10,試験概要;公式情報,証外マスター編集部,資格学習サイトの編集チーム,公式情報確認担当,公開前に一次情報との照合を行う担当者,2026-06-16,日本証券業協会（公式）|https://www.jsda.or.jp/,手書きリライト 2026-06-16。試験概要向けテンプレートから作成。公開前に本文・参照URL・関連リンクを差し替える。,本記事を読むと、公式情報の確認先と確認順序が明確になり、4分野の学習を正しい前提で進めるための情報収集ルートを作れるようになります。,日本証券業協会サイトで受験要項・申込期間・受験上の注意を確認する;外務員必携の版数・改訂情報を公式ページで確認する;公式情報の最終更新日を記録し、月1回は再確認する;受験前チェック項目を申込・学習・当日準備に分けて管理する;関連記事を学習段階に合わせて順番に読む,試験要項・公式ページ更新時に本文と参照元を見直す。,2026-06-16,2026-06-29,2026-06-16,published,手書きリライト・具体例,正本は日本証券業協会の試験案内,試験に関する一次情報の正本は、日本証券業協会が公表する証券外務員試験の案内ページです。受験要項には試験日、申込期間、受験料、受験資格、試験形式（CBT）などが記載されます。たとえば申込締切は年度ごとに変わるため、SNSのまとめ記事ではなく要項PDFの日付をカレンダーに転記してください。確認したURLと日付を学習ノートの表紙に書いておくと、後から「いつの情報か」が迷子になりません。,要項・テキスト・合格発表の見分け方,公式情報は役割ごとにページが分かれています。受験手続きは要項、学習範囲の根拠は外務員必携（テキスト）、合否は合格発表案内がそれぞれの正本です。例えば令和8年度に出題範囲の変更がテキスト改訂とセットで公表される場合、要項だけ読んでも学習対象の漏れが起きることがあります。申込前に3種類すべての更新日をメモし、毎月1日は協会サイトのトップから再確認する習慣をつけてください。,このサイトと公式情報の使い分け,本サイトは、公式情報を学習行動へ変換するための演習・用語解説・比較表を提供します。たとえば適合性の原則と金融商品取引法の insider 規制の違いは比較表で整理できますが、申込期限や受験料の最終確認は必ず協会の要項で行ってください。記事で全体像をつかんだら公式へ戻って照合する「二段階運用」が安全です。手続きと学習内容を同じ資料で判断しないよう、管理表を分けておくと混乱しにくくなります。,申込前の確認チェックリスト,申込前に次の項目を要項と照合してください。受験区分（一種／二種）、受験資格の該当、申込期間の締切日時、受験料と支払方法、CBT会場の選択方法、必要書類（写真データ等）、外務員必携の版数。例えば締切が17:00の年度では、当日午後の申込集中でエラーが出やすいため、開始日から1週間以内の申込を推奨します。チェック完了後に学習計画の週次枠をカレンダーへ書き込むと、手続きと勉強の両方が遅れにくくなります。,次に読むべき記事の順番,公式確認のあとは、学習段階に合わせて次の記事を読むと流れがつながります。まず受験資格の確認記事、次に試験日程・申込の記事、続いて学習計画の立て方、過去問の使い方、試験当日の時間配分の順がおすすめです。たとえば申込完了直後は「残り12週」と試験日をメモし、4分野を3周するペースか2周するペースかを学習計画記事で決めると、教材選びの迷いが減ります。次の記事は受験資格の確認から始めると、手続きと学習の順序がぶれにくくなります。,,,,,公式情報はどこで確認しますか？,日本証券業協会の証券外務員試験案内が最優先です。試験日程、申込期限、受験上の注意、必要手続きの判断は要項を基準にし、学習範囲は外務員必携の改訂情報で補完してください。たとえば令和8年度の日程は前年度末〜年度初めに更新されるため、毎年1月と申込開始週に再確認するリマインドを設定すると安全です。,ブログの情報と公式が違うときは？,必ず公式情報を優先してください。非公式まとめは更新遅れや解釈の誤りが混ざることがあります。例えば受験料や合格基準の数値が食い違う場合、要項PDFの記載が正です。疑問点は申込前に日本証券業協会の問い合わせ窓口へ確認し、回答をメモに残してください。,study-plan:学習計画の立て方;past-question-strategy:過去問の使い方,テキスト改訂はどう追えばよいですか？,協会サイトの外務員必携に関するお知らせをブックマークし、版数が変わったら学習中の章と照合してください。たとえば新章が追加された場合は、演習の分野タグと突き合わせ、追加論点に週2時間を割り当てると漏れを防げます。改訂直後は過去問の解説と新テキストの差分表を自作すると効率的です。,,
exam-eligibility,受験・申込,証券外務員試験の受験資格の確認方法と要件,証券外務員試験の受験資格（一種・二種）を整理。日本証券業協会の要項での確認方法と、申込前に照合すべき項目を解説します。,証券外務員一種・二種それぞれの受験資格を、日本証券業協会の要項に沿って整理します。たとえば6月試験に申込するなら残り8週前までに実務経験・研修・選任歴を要項と照合します。申込前に会社へ確認すべき項目と、資格要件を満たさないまま申込した場合のリスクも示します。,受験資格の確認;年間スケジュール;申込期間と手数料;申込手順と会場;申込前チェックリスト,15,受験資格;申込;公式情報,証外マスター編集部,資格学習サイトの編集チーム,公式情報確認担当,公開前に一次情報との照合を行う担当者,2026-06-16,日本証券業協会（公式）|https://www.jsda.or.jp/,手書きリライト 2026-06-16。受験・申込向けテンプレートから作成。公開前に本文・参照URL・関連リンクを差し替える。,本記事を読むと、自分が証券外務員試験のどの区分に該当するか、必要な実務・研修・書類の確認手順が分かり、申込前の判断ミスを防げます。,日本証券業協会の受験要項で受験資格の区分表を読み、該当行を特定する;外務業務の実務経験・研修受講歴が要件を満たすか、日付と主体をメモする;会社の人事・コンプライアンスに在籍期間・職務内容の証明方法を確認する;不明点は申込前に日本証券業協会へ問い合わせる;資格要件を満たしたら、申込と並行して4分野の基礎テキスト第1章を読む,試験要項・公式ページ更新時に本文と参照元を見直す。,2026-06-16,2026-06-29,2026-06-16,published,手書きリライト・具体例,受験資格は要項が唯一の正本,受験資格は日本証券業協会が公表する受験要項の「受験資格」章が唯一の正本です。一種と二種で要件が異なり、証券会社・銀行・保険会社など勤務先の業態によって該当区分が変わることがあります。過去の体験談だけで判断せず、最新要項の表を自分の経歴（入社日・担当業務・研修履歴）と照合してください。たとえば実務経験1年6か月で店頭販売のみ担当の場合は二種、投資助言業務を含む場合は一種が論点になることが多いです。,一種と二種の要件の見分け方,大まかには、二種は有価証券の店頭販売に関する業務、一種はより広い外務業務が対象です。要項には具体的な業務例・在籍期間・研修の有無が列挙されているため、自分の業務記述書や研修修了証と突き合わせます。例えば令和8年度要項で「投資助言」に該当するかどうかで区分が変わるケースでは、コンプライアンス部門に業務分類の確認メールを残しておくと後からの説明が楽です。該当が複数ある場合は、証明書類の取りやすさも含めて選択してください。,申込前に会社で確認すること,申込前に人事・コンプライアンスへ次を確認します。必要な受験区分、会社が推奨する申込時期、研修修了の記録の有無、受験料の負担有無、試験休暇の取得可否。たとえば入社1年未満で実務180日に届かない場合は、次回試験の目安時期も同時に聞いておくと学習計画が立てやすくなります。確認内容はメールで記録し、要項の該当箇所と一緒に保管してください。申込締切の2週間前までに区分の最終確認を終えると、手続きと学習の両方が遅れにくくなります。,証明・手続きでよくあるミス,よくあるミスは、研修名の表記ゆれと在籍期間の計算誤りです。要項が求める研修と会社内部の研修名称が一致しない場合、申込前に協会へ問い合わせるか、会社の教育担当に正式名称を確認してください。例えば「外務員研修」と「新人研修」が別コースの場合、修了証のコース名を要項と照合します。在籍期間は入社日から試験日までの通算か、特定業務の経験日数かを要項どおりに数え、1日単位でメモしておくと申込時の入力ミスを防げます。,資格確認後の学習の始め方,資格要件を満たしたら、申込と並行して外務員必携の第1章と演習10問から始めます。申込が確定するまで学習を止めない方が、日程変更時にも対応しやすくなります。たとえば申込完了週に演習10問で正答率60％の初期値を取っておけば、残り12週でどの分野に追加時間を割くかを数値で判断できます。資格確認と学習開始を同じ週に行うのが効率的です。区分が確定したら外務員必携の第1章をその週末に読み終える目標を立ててください。,,,,,受験資格はどこで確認しますか？,日本証券業協会が公表する最新の受験要項が正本です。区分表・必要な実務・研修の記載を通しで読み、自分の経歴と照合してください。たとえば要項の脚注に業態別の注意がある場合は見落としやすいので、該当業態の行を蛍光ペンでマークしてから申込画面に進むと安全です。,区分を間違えて申込むとどうなりますか？,要件を満たさない区分で申込んだ場合、無効となるおそれがあります。申込確定前に要項と会社のコンプライアンス部門で二重確認してください。例えば一種が必要な部署に二種のみ取得している場合、業務上の制限が生じることがあるため、人事への確認は試験合格後ではなく申込前に行うのが原則です。,exam-overview:試験概要;study-plan:学習計画,研修を受けていない場合は受験できませんか？,要項で研修修了が要件に含まれるかどうかで判断します。未受講の場合は会社の教育日程を確認し、試験申込締切までに修了できるかを先に調整してください。たとえば締切8週前に研修が終わらない場合は、次回試験を見据えて学習だけ先行させ、申込は要件充足後に行う方が無駄がありません。,,
exam-schedule,受験・申込,証券外務員試験の日程・申込・合格発表,証券外務員試験の試験日・申込期間・合格発表の流れを整理。日本証券業協会の最新案内の確認ポイントと、日程から逆算した学習計画の立て方を解説します。,証券外務員試験の年間スケジュール（申込〜試験〜合格発表）の確認方法を整理します。たとえば3月1日に要項を確認したら、試験日と残り14週をカレンダーへ書き込み、4分野の演習量を週次で割り当てます。日本証券業協会の最新案内の読み方と、CBT会場・受験票の確認ポイントも解説します。,受験資格の確認;年間スケジュール;申込期間と手数料;申込手順と会場;申込前チェックリスト,15,受験資格;申込;公式情報,証外マスター編集部,資格学習サイトの編集チーム,公式情報確認担当,公開前に一次情報との照合を行う担当者,2026-06-16,日本証券業協会（公式）|https://www.jsda.or.jp/,手書きリライト 2026-06-16。受験・申込向けテンプレートから作成。公開前に本文・参照URL・関連リンクを差し替える。,本記事を読むと、証券外務員試験の年間スケジュールが分かり、申込締切前に確認すべき項目と、試験日から逆算した週次学習量の目安が具体的に分かります。,日本証券業協会の公式サイトで最新の試験日程・申込期間を確認する;申込締切の2週間前までに受験区分・写真データ・受験地を確定する;試験日から逆算し、4分野の演習量を週次カレンダーに書き込む;受験票表示後、会場名・開始時刻・持ち物を前日チェックリストに転記する;合格発表日をカレンダー登録し、再受験時の申込期間も控える,試験要項・公式ページ更新時に本文と参照元を見直す。,2026-06-16,2026-06-29,2026-06-16,published,手書きリライト・具体例,年間スケジュールの確認手順,年間スケジュールは日本証券業協会の証券外務員試験案内が正本です。おおむね次の流れで進みます。要項・日程公表、インターネット申込、受験票の表示、CBT試験実施、合格発表。日程は年度ごとに更新されるため、過去記事や非公式まとめではなく、必ず協会公式の最新ページで確認してください。たとえば年2回実施の年度では、第1回と第2回で申込締切が異なるため、受験したい回の行だけをカレンダーに転記すると混同を防げます。,申込期間と受験料の確認,申込期間と受験料は要項でセット確認します。金額・支払方法・支払期限は年度で改定されることがあるため、前年のメモを流用しないでください。申込時に必要な項目は、氏名・生年月日、受験区分（一種／二種）、受験地、写真データなどです。例えば写真規格が要項で細かく指定されているため、申込開始日に規格どおりのデータを用意しておくと締切前の慌てが減ります。申込完了メールは試験日まで保管してください。,試験日から逆算する学習量,試験日が決まったら、残り週数で4分野を何周するかを先に決めます。たとえば残り16週なら、4分野×4周で週1分野ずつ、最後の4週は通し演習に充てる形が扱いやすいです。一種100問160分なら週末に50問×2回、二種70問120分なら30問×2回の演習を月2回入れると、本番の時間感覚が身につきます。逆算表を紙に書き、遅れた週は翌週の演習量を調整するルールを決めておくと計画が破綻しにくくなります。,CBT会場と受験票の確認,CBT試験は受験票に記載される会場で実施されます。申込時に選択した都道府県・会場と、受験票の表示が一致するかを確認してください。開始時刻の15分前には受付を終える運用が一般的なため、例えば9:30開始なら9:00会場到着を目標に交通経路を調べます。初めての会場は試験2週間前に下見しておくと、当日の迷いが減ります。持ち物は要項の「受験上の注意」に従い、身分証明書の種類も事前に確認してください。,申込前チェックリスト,申込前チェックリストの例です。受験区分を要項で特定した、申込開始日・締切日時をカレンダー登録した、写真データ・本人確認書類を用意した、受験地を決めた、受験料の支払方法を確認した。チェックが終わったら、外務員必携の目次を1枚に写し、試験日までの週次演習計画に入れてください。たとえば締切7日前と前日にリマインドを設定し、申込未完了のまま学習だけ進める状態を避けるのが安全です。合格発表日も同じカレンダーに登録しておきましょう。,,,,,試験日程はどこで確認しますか？,日本証券業協会の証券外務員試験案内が正本です。試験日、申込期間、合格発表の方法は要項に記載されています。たとえば年度途中で日程が追加公表される場合があるため、申込開始週と試験4週前の2回は必ず公式ページを開いて更新の有無を確認してください。,申込期限を過ぎたらどうなりますか？,申込期間を過ぎると、その回の受験は原則できません。次回は翌回の要項公表を待つ必要があります。締切7日前・前日にリマインドをカレンダー登録し、開始日から早めに手続きしてください。例えば年度内に2回試験がある場合は、第1回の締切を逃しても第2回があるか要項で確認できます。,exam-overview:試験概要;study-plan:学習計画,合格発表はいつ頃ですか？,試験実施後、要項に記載された時期にWeb等で公表されます。年度ごとに日数が異なるため、試験日と同時に合格発表予定日をカレンダーへ書き込んでください。たとえば試験2週間後に発表の年度では、再受験を検討する場合も次回申込までの学習期間をすぐ逆算できます。結果確認後は誤答ノートを見直し、弱点分野に1週間集中するのがおすすめです。,,
exam-application-flow,受験・申込,証券外務員試験の申込手順・必要書類と流れ,"('証券外務員試験の申込手順・必要書類・CBT会場選択の流れを整理。', '日本証券業協会の要項に沿ったチェックリストと、申込後の学習計画への戻り方を具体例付きで解説します。')","('証券外務員試験の申込手順を、受験資格の確認からCBT会場選択まで時系列で整理します。', 'たとえば申込開始が3月1日なら、開始週に要項確認・写真準備・受験区分決定、締切1週間前にオンライン申込完了、というス', 'ケジュール例も示します。必要書類とよくあるミス、申込後の学習再開の順番まで解説します。')",受験資格の確認;年間スケジュール;申込期間と手数料;申込手順と会場;申込前チェックリスト,15,受験資格;申込;公式情報,証外マスター編集部,資格学習サイトの編集チーム,公式情報確認担当,公開前に一次情報との照合を行う担当者,2026-06-17,日本証券業協会（公式）|https://www.jsda.or.jp/,手書きリライト 2026-06-17。受験・申込向けテンプレートから作成。公開前に本文・参照URL・関連リンクを差し替える。,"('本記事を読むと、申込に必要な確認項目と手順の順番が明確になり、締切直前の取りこぼしを防ぎながら申込完了後すぐ学習に戻', 'れるようになります。')",受験要項で受験区分・資格・申込期間を確認する;申込用写真データの規格を要項どおりに準備する;申込開始日から1週間以内にオンライン申込を完了する;CBT会場・受験日をカレンダーに登録する;申込完了後に残り週数で学習計画を更新する,試験要項・公式ページ更新時に本文と参照元を見直す。,2026-06-17,2026-06-29,2026-06-17,published,手書きリライト・具体例,受験資格と区分の確認手順,"('申込前に、一種・二種のどちらを受験するかと、受験資格の該当を要項で確認します。', 'たとえば店頭販売中心の業務なら二種、より広い外務業務なら一種、が一般的な目安ですが、最終判断は勤務先の業務範囲と日本', '証券業協会の受験要項の記載に従ってください。区分を誤ると学習範囲の優先順位もずれるため、上司または人事と確認した日付', 'をメモに残します。 申込完了メールの保存と受験票の印刷期限も同じチェックリストで管理してください。')",年間日程と申込ウィンドウ,"('試験は年2回実施されるのが通例で、申込期間は試験日の数か月前から設定されます。', '例えば6月試験なら申込が春先、10月試験なら夏〜秋にかけての案内が多いです。', '要項PDFの申込開始日・締切日時（17:00締切の年度あり）をカレンダーへ転記し、締切当日申込はシステム混雑で失敗し', 'やすいため、開始から1週間以内の完了を推奨します。 申込完了メールの保存と受験票の印刷期限も同じチェックリストで管理してください。')",申込料と支払いの流れ,"('受験料は年度ごとに要項で定められ、オンライン申込時に支払います。', 'たとえばクレジットカード決済やコンビニ払いなど、要項記載の方法のみ有効です。', '支払い未完了のまま締切を過ぎると申込が無効になるため、申込操作と支払いを同日に済ませる習慣をつけてください。', '領収書・申込完了メールは保存し、勤務先の研修費精算がある場合は早めに提出します。', ' 申込完了メールの保存と受験票の印刷期限も同じチェックリストで管理してください。')",CBT会場選択と当日準備,"('試験はCBT方式のため、申込時に会場・日時を選択します。', '例えば自宅から90分以内の会場を優先し、終了後に出勤する日は午前枠を選ぶ、といった実務的な選び方が多いです。', '受験票は所定の期間に印刷または表示し、身分証の持参物を要項で再確認してください。', '当日は開始30分前到着を目安にし、交通遅延を想定したルート確認を前日に済ませます。', ' 申込完了メールの保存と受験票の印刷期限も同じチェックリストで管理してください。')",申込完了後の学習に戻る順番,"('申込が終わったら、残り週数を再計算し学習計画記事の手順で週次表を更新します。', '例えば本番まであと10週なら、金融商品・サービスと勧誘・販売規則に週10問ずつ配分し、', '通し演習を月2回入れる、と週次表に書きます。', '申込作業で学習が止まった週は、翌週から演習10問で再開し、焦って教材を増やさないことが重要です。', '次に読む記事は学習計画の立て方がおすすめです。受験票の表示期限もカレンダーに登録し、直前の準備と学習を両立させてください。')",,,,,申込に必要な書類は何ですか？,"('年度ごとに要項で確定しますが、オンライン申込用の写真データ、本人確認情報、受験料の支払い手段が基本です。', 'たとえば写真は背景・サイズの規格があり、スマホ撮影の場合は要項のサンプルと見比べてください。', '会社経由の申込がある場合は社内手続きの期限が協会締切より早いこともあるため、人事に二重で確認します。')",申込後に日程変更できますか？,"('要項に定める変更・取消の期限と手数料があります。例えば会場変更が可能な期間は限られ、締切後は原則不可のことが多いです。', '申込直後に受験日・会場をカレンダー登録し、変更可能期間のリマインドを設定するとミスを防げます。', '最新ルールは必ず協会要項で確認してください。')",exam-overview:試験概要;study-plan:学習計画,申込と並行して勉強を進めてよいですか？,"('もちろんです。申込は1日で終える作業に切り出し、学習は継続してください。', 'たとえば申込週は演習量を半分に減らすだけに留め、用語復習は毎日15分維持する、とルールを決めると手続きと学習の両方が止まりません。', '申込完了後は残り週数で計画を必ず更新してください。')",,
exam-venue-and-region,受験・申込,証券外務員試験・CBT会場の選び方と当日アクセス,証券外務員試験のCBT会場選び方と当日アクセスを整理。受験地選択、受験票確認、到着時間の目安、トラブル時の対応を具体例付きで解説します。,証券外務員試験のCBT会場選択を、申込時の受験地決定から当日の到着時間まで整理します。たとえば残り8週で申込完了後、受験票に記載の会場住所をGoogleマップで確認し、試験日と同じ曜日に1回だけ移動テストする手順も示します。遠方受験や交通渋滞を想定した準備チェックリストとして使えます。,受験資格の確認;年間スケジュール;申込期間と手数料;申込手順と会場;申込前チェックリスト,15,受験資格;申込;公式情報,証外マスター編集部,資格学習サイトの編集チーム,公式情報確認担当,公開前に一次情報との照合を行う担当者,2026-06-17,日本証券業協会（公式）|https://www.jsda.or.jp/,手書きリライト 2026-06-17。受験・申込向けテンプレートから作成。公開前に本文・参照URL・関連リンクを差し替える。,本記事を読むと、CBT会場の選び方と当日の移動計画が明確になり、申込後の会場確認から受験票の印刷までを漏れなく進められるようになります。,申込完了後、受験票の会場名・住所・集合時間をカレンダーに登録する;最寄駅から会場までの徒歩ルートを地図で確認し、所要時間をメモする;試験日と同じ曜日に移動テストを1回実施し、余裕時間を算出する;受験票・身分証・時計の持ち物リストを前日に準備する;会場変更や遅延が起きた場合の連絡先を受験票に書き添える,試験要項・公式ページ更新時に本文と参照元を見直す。,2026-06-17,2026-06-29,2026-06-17,published,手書きリライト・具体例,CBT会場選択の基本手順,証券外務員試験はCBTで実施され、申込時に受験地（都道府県など）を選び、具体的なテストセンターは受験票で確定します。たとえば東京23区内勤務で6月試験を受ける場合、申込画面で提示される候補地から通勤60分以内の会場を優先し、受験票公開後に正式な住所を確認してください。日本証券業協会の受験要項に記載の申込手順に沿い、会場名が確定する前に宿泊や交通を確定しすぎないことが重要です。,地域別の会場候補の比較,大都市圏では複数のテストセンターが割り当てられることがあります。例えば大阪府内なら梅田寄りと堺寄りで朝の混雑が異なるため、平日朝8時台の移動時間を各ルートで比較し、遅延リスクが低い方を選びます。地方では最寄の会場が1つだけの年度もあるため、前泊が必要かどうかを申込直後に判断し、宿泊費と学習時間への影響をメモに残してください。遠方受験は直前週の演習量を1割減らし、移動疲労を見込んだ計画に切り替えます。,申込時の受験日・会場の決め方,オンライン申込では受験区分（一種／二種）、受験日、受験地を順に指定します。たとえば10月試験で残り12週あるなら、申込完了日を起点に学習計画を更新し、受験日が土曜か平日かで当日の移動手段も変わるため、カレンダーに色分けして登録します。一種100問160分・二種70問120分の本番は午前・午後枠がある年度があるため、受験票の開始時刻を誤読しないよう、PDFを印刷して時刻を丸で囲んでください。,当日アクセスと到着時間の目安,CBT会場は開始30分前までの受付が求められることが多いです。例えば開始9:30なら9:00到着を目標に、最寄駅から会場まで徒歩10分、改札混雑5分、受付手続10分の余裕を足して8:45に駅を出る計算が安全です。新幹線利用の場合は終電・始発ではなく、試験日と同じ曜日のダイヤで遅延実績を確認し、1本早い便を予約しておくと安心です。当日は身分証と受験票（印刷または画面提示の要項確認）を同じ封筒に入れて持ちます。,会場変更・トラブル時の対応,台風や交通障害で遅延しそうな場合は、受験票記載の問い合わせ先へ早めに連絡します。たとえば試験当日7時30分に遅延が判明したら、到着予定9時15分と理由を伝え、指示に従ってください。無断遅刻は受験不可になる可能性があります。前日までに会場周辺の駐車場・コインロッカー・休憩場所を確認しておくと、当日の焦りを減らせます。試験後は誤答ノート用のメモ帳だけ持ち帰り、本番で迷った分野を翌週の演習10問計画に反映してください。,,,,,会場名はいつ分かりますか？,具体的なテストセンター名と住所は、申込後に発行される受験票で確認します。たとえば申込完了から1〜2週間後に受験票が閲覧可能になる年度が多いため、会場確定前に宿泊を押さえる場合はキャンセル可能なプランにしてください。日本証券業協会の案内と受験票の両方を保存し、変更通知がないか試験1週間前に再確認します。,遠方の会場しか選べない場合は？,前泊を検討し、前日は通し演習を行わず軽い用語復習に切り替えてください。例えば前日18時チェックイン、21時就寝、当日7時起床で会場まで30分、というスケジュールを紙に書き、試験本番の集中力を優先します。交通費・宿泊費は会社負担か自己負担かも早めに確認し、直前のストレスを減らしてください。,exam-overview:試験概要;study-plan:学習計画,当日持ち物で忘れがちなものは？,受験票、顔写真付き身分証、時計（音の鳴らないもの）が基本です。たとえば運転免許証と受験票の印刷2部、身分証コピーを別袋に入れておくと、紛失時の再入場手続がスムーズな場合があります（要項で再確認）。スマホは会場により預かりルールが異なるため、試験前日にセンターの案内を読み直してください。,,
exam-format-overview,出題・形式,証券外務員試験の出題形式【二種70問120分·一種100問160分·CBT】,証券外務員試験（一種·二種）の出題形式を、日本証券業協会の試験概要に沿って整理。CBTの〇×·五肢選択、配点（2点/10点）、300点·440点満点と合格7割を表で解説します。,証券外務員資格試験（一種·二種）は、日本証券業協会が定める出題範囲に基づき、CBT（コンピュータ受験）で実施されます。二種は70問120分（300点満点·210点合格）、一種は100問160分（440点満点·308点合格）が2026年6月時点の公式概要どおりの骨格です。たとえば10月CBT予約で残り8週なら、週1回70問120分の通し演習で210点ラインを計測する、という使い方が本記事の前提です。受験料·予約方法は申込前に要項とプロメトリックの案内で必ず確認してください。,出題範囲の確認先;範囲の全体像と改定;科目・配点;制限時間と出題形式;過去問との対応,19,出題範囲;試験形式,証外マスター編集部,資格学習サイトの編集チーム,公式情報確認担当,公開前に一次情報との照合を行う担当者,2026-06-19,日本証券業協会（公式）|https://www.jsda.or.jp/,手書きリライト 2026-06-17。出題・形式向けテンプレートから作成。公開前に本文・参照URL・関連リンクを差し替える。,本記事を読むと、70問120分/100問160分の内訳と〇×2点·五肢10点の配点が表で把握でき、210点/308点の合格ラインを演習記録に換算する起点が得られます。,日本証券業協会の試験概要ページで一種/二種の問数·時間·合格点を写す;受験区分（一種か二種）を1行で決め、外務員必携の版数を要項と照合する;五肢選択20問（二種）の得点200点を意識し、演習ログに形式別正答数を分ける;当サイトの70問/100問通し演習で制限時間を計る;pass-scoreで210点/308点の逆算例を確認する,試験要項・公式ページ更新時に本文と参照元を見直す。,2026-06-19,2026-06-29,2026-06-19,published,2026-06-19: greenfield完了（試験ファクト照合·新規執筆）,本試験の基本形式（二種70問120分·一種100問160分）,"外務員資格試験は、一般の方が受験する「一種外務員資格試験」と「二種外務員資格試験」の2区分があります。どちらもCBTで、解答はPCへの入力方式です（マークシートではありません）。試験終了時に画面へ正解率が表示され、一般受験者には後日メールでも結果通知があります。たとえば9月に予約確定し試験まで残り8週の場合、1週目は〇×50問だけ120分計測し、2週目から五肢20問を足した70問通しに切り替える段階設計が、本番ペースに慣れやすいです。数値は年度で改定される可能性があるため、申込前と試験2週前の2回は日本証券業協会の試験概要を保存して差分を確認してください。

| 区分 | 問題数 | 制限時間 | 満点 | 合格ライン（7割） | 確認先 |
| --- | --- | --- | --- | --- | --- |
| 二種外務員 | 70問 | 2時間 | 300点 | 210点以上 | 日証協「試験の概要」 |
| 一種外務員 | 100問 | 2時間40分 | 440点 | 308点以上 | 同上 |
| 出題形式 | 〇×方式＋五肢選択（語句·計算） | PC入力 | — | 総合得点で判定 | 同上 |",CBTの〇×問題と五肢選択の内訳,"問題は「〇×方式」と「五肢選択方式（語句選択·計算）」の2種類です。配点は〇×1問2点、五肢選択1問10点（五肢択二は各5点）と、五肢の比重が大きくなります。二種では〇×50問（100点）＋五肢20問（200点）で300点満点、一種では〇×70問（140点）＋五肢30問（300点）で440点満点です。たとえば二種で五肢選択を15問正解（150点）できれば、残り60点は〇×30問分に相当するため、後半の時間配分を五肢寄りに設計すると得点効率が上がります。

| 区分 | 〇×（2点/問） | 五肢選択（10点/問） | 満点 |
| --- | --- | --- | --- |
| 二種 | 50問 → 100点 | 20問 → 200点 | 300点 |
| 一種 | 70問 → 140点 | 30問 → 300点 | 440点 |
| 演習の記録 | 正答数 | 正答数×10点換算 | 合計得点 |",出題範囲の考え方と合格基準（総合7割·足切りなし）,"出題は法令·諸規則、商品業務、関連科目など外務員必携の目次に沿った範囲から出されます。一種は実務的·専門的知識、二種は基礎的知識が中心です（デリバティブは一種のみの出題科目）。合否判定は分野別の足切りはなく、総合得点が満点の7割以上かどうかだけが基準です。二種210点/300点、一種308点/440点がラインです。例えば二種で五肢選択12問正解（120点）なら、残り90点は〇×45問相当のため、演習ログを「五肢得点/〇×得点」に分けると210点までの距離が見えます。当サイトでは学習しやすいよう4分野（金融商品·勧誘規則·金商法·その他法令）に整理していますが、本番の配点比率は要項·外務員必携が正本です。

| 項目 | 二種 | 一種 | 備考 |
| --- | --- | --- | --- |
| 合格基準 | 210点/300点（70％） | 308点/440点（70％） | 総合得点のみ |
| 分野別足切り | なし | なし | 要項「合否判定基準」 |
| 出題正本 | 外務員必携（最新版） | 同上 | 改訂時は要項を確認 |",当サイト演習バンクとの違い,"当サイト「実践演習」は、二種70問·一種100問の本番形式に近いセットと、10問·20問など短いセットを学習用に用意しています。出題順は毎回ランダムで、問題バンク全体は本番の1回分より多い問数を収録しています。「演習で50問正解」と「本番300点換算で210点超え」は別物として記録してください。たとえば日曜に二種70問120分を通し、五肢20問の得点を200点満点換算でメモし、翌週は金商法タグの演習10問だけ追加する、という分割が続きやすいです。形式の確認後は pass-score の記事で210点/308点の逆算表を作ると計画が立てやすくなります。

| 比較 | 本試験（CBT） | 当サイト演習 |
| --- | --- | --- |
| 出題数 | 70問または100問固定 | 10〜本番相当まで選択可 |
| 配点 | 〇×2点·五肢10点 | 学習用（正答数記録を推奨） |
| 目的 | 7割得点で合格判定 | 弱点克服·反復 |",要項で再確認する項目,"試験形式は制度改定の対象になり得ます。次の項目は、申込時と試験2週前に日本証券業協会の「外務員資格試験」ページと、一般受験向け予約サイトで再確認してください。特に受験区分の取り違え（一種/二種）と、外務員必携の版数不一致は失点リスクが高いです。例えば6月19日時点で要項PDFを保存し、予約確定日と試験8週前に再ダウンロードして問数·合格点の差分を1行メモする習慣が、形式変更の取りこぼしを防ぎます。CBT会場の持ち物·入室時間は会場案内が正本で、試験当日の悪天候時はプロメトリックの「試験についてのお知らせ」で開催状況を確認します（会場への個別問合せは不要）。

| 確認項目 | なぜ重要か | 正本 |
| --- | --- | --- |
| 問数·時間·配点 | 演習計画の前提 | 日証協 試験概要 |
| 合格点（7割） | 模試得点の目標 | 同上 |
| 外務員必携の版 | 範囲ズレ防止 | 要項·必携表紙 |
| 予約可能期間 | 申込漏れ防止 | プロメトリック案内 |
| 受験料 | 区分で異なる場合あり | 予約サイト·要項 |",次に読むページ,形式の骨格を押さえたら、合格点の演習への落とし込みは pass-score の記事で深掘りしてください。4分野の地図と外務員必携の読み方は exam-scope-overview、CBT会場の選び方は exam-venue-and-region が続きの正本です。学習量の配分は study-plan、通し演習の回数は past-question-strategy と組み合わせると210点/308点までのギャップが週次で見えます。数値·予約ルールは必ず日本証券業協会とプロメトリックの最新案内で照合してください。,,,証券外務員試験（二種）は何問·何分·何点合格ですか？,二種外務員資格試験は、合計70問（〇×50問＋五肢選択20問）·制限時間2時間·300点満点で、210点（7割）以上が合格基準です（日本証券業協会「試験の概要」）。CBTのため解答はPC入力です。最新の受験料·予約方法は申込前に要項で確認してください。,一種と二種で出題形式は違いますか？,形式（〇×＋五肢選択·PC入力）は同じですが、問数と時間が異なります。一種は100問160分·440点満点·308点合格、二種は70問120分·300点満点·210点合格です。出題範囲の深さも一種の方が専門的になり、デリバティブ取引は一種のみの出題科目です。受験区分は職務内容と要項の受験資格表で決め、取り違えないよう申込前に1行メモを残してください。,pass-score:合格点と得点の逆算;exam-scope-overview:出題範囲と外務員必携;exam-venue-and-region:CBT会場の選び方,分野ごとに足切りラインはありますか？,ありません。合否は総合得点が満点の7割以上かどうかだけで判定されます。たとえば二種で金商法タグの演習10問中4問しか正解できなくても、五肢選択で15問正解（150点）＋〇×30問正解（60点）なら210点に届きます。演習では4分野タグごとに正答数を記録し、210点/308点に足りない形式から優先的に時間を増やしてください。,,
exam-scope-overview,出題・形式,証券外務員試験の出題範囲【4分野·外務員必携の読み方】,証券外務員試験の出題範囲を、外務員必携（全4巻）と日本証券業協会要項に沿って整理。4分野の地図、一種·二種の範囲差、演習量の目安と改定確認手順を表で解説します。,証券外務員資格試験の出題範囲は、日本証券業協会の受験要項と外務員必携（公式テキスト·全4巻）が正本です。当サイトでは学習しやすいよう4分野（金融商品·勧誘規則·金商法·その他法令）に整理していますが、章立ての正本は必携の目次と要項の出題範囲表です。たとえば残り16週なら第1〜4週で4分野を1周し、各章の見出しと演習タグの対応表を1枚作るのが本記事の使い方です。版数·改定は申込前と月1回、要項と必携表紙で確認してください。,出題範囲の確認先;範囲の全体像と改定;科目・配点;制限時間と出題形式;過去問との対応,19,出題範囲;試験形式,証外マスター編集部,資格学習サイトの編集チーム,公式情報確認担当,公開前に一次情報との照合を行う担当者,2026-06-19,日本証券業協会（公式）|https://www.jsda.or.jp/,手書きリライト 2026-06-17。出題・形式向けテンプレートから作成。公開前に本文・参照URL・関連リンクを差し替える。;greenfield_done,本記事を読むと、たとえば残り16週で第1週=商品·第2週=勧誘·第3週=金商法·第4週=その他法令と4分野1周の週次表を自分で組み立てられるようになります。,要項PDFの出題範囲表で自分の区分（一種/二種）の章をハイライトする;外務員必携4巻の目次を写し、4分野タグと章番号を対応づける;演習誤答に必携章番号を1行メモする;月1回、必携の版数·改訂日と要項を照合する;exam-format-overviewで70問/100問の形式を確認する,試験要項・公式ページ更新時に本文と参照元を見直す。,2026-06-19,2026-06-29,2026-06-19,published,2026-06-19: greenfield完了（試験ファクト照合·新規執筆）,4分野の地図（商品·勧誘·金商法·その他法令）,"本試験は法令·諸規則、商品業務、関連科目など広い範囲から出題されます。当サイトの用語·演習は次の4分野タグで整理しています。金融商品·サービス（株式·債券·投信等）、勧誘·販売規則（適合性·説明義務等）、金融商品取引法（開示·禁止行為·内規等）、その他法令·業務（コンプライアンス·関連科目）です。たとえば10月CBT予約で残り16週なら、週1分野×4週で1周し、5週目からは弱点分野（演習正答率が低いタグ）へ時間を戻すサイクルが回しやすいです。本番は分野別足切りはなく総合7割（二種210点/一種308点）ですが、4分野を偏らせると五肢10点問題の取りこぼしが増えます。

| 当サイト分野 | 主な内容 | 用語ハブ | 演習タグ例 |
| --- | --- | --- | --- |
| 金融商品·サービス | 商品知識·仕組み | field-products | 株式·債券·投信 |
| 勧誘·販売規則 | 勧誘·販売のルール | field-solicitation | 適合性·説明義務 |
| 金融商品取引法 | 金商法本体·施行規則 | field-fil | 開示·禁止行為 |
| その他法令·業務 | コンプラ·関連科目 | field-compliance | 内部管理·関連法 |",外務員必携の章立てと読み方,"外務員必携は、日本証券業協会発行の公式テキスト（全4巻）で、出題範囲·学習の正本として位置づけられます。必携は法律そのものではなく学習用教材ですが、問題は必携の記載を前提に作られます。読み方の第一歩は、要項の出題範囲表と各巻の目次を突き合わせ、自分の区分で読む章に付箋を貼ることです。例えば平日30分×週5日なら、1章を3〜4日で読み切り、週末に当サイトの分野タグ演習10問で理解度を計測するペースが続きやすいです。「必携にない＝出題外」とは限らず、法令改正は要項·版数で追います。

| ステップ | やること | 記録 |
| --- | --- | --- |
| 1 | 要項の出題範囲表を保存 | PDF＋確認日 |
| 2 | 必携4巻の目次を写す | 章番号リスト |
| 3 | 4分野タグと章を対応 | 1枚の対応表 |
| 4 | 週次で章＋演習10問 | 正答率·章番号 |
| 5 | 誤答章を翌週再読 | 誤答ノート |",区分（一種·二種）による範囲差,"一種外務員は実務的·専門的知識、二種外務員は基礎的知識が中心です。代表例として、デリバティブ取引は一種のみの出題科目です（要項·必携で再確認）。二種受験者が一種範囲まで広げて学ぶ必要はありませんが、申込区分を取り違えると範囲外の暗記に時間を使うリスクがあります。たとえば二種申込なら、要項の二種欄だけをハイライトし、必携の「一種のみ」章には目次段階で印を付けて読み飛ばす運用が安全です。形式はどちらもCBT（二種70問120分·一種100問160分）です。

| 項目 | 二種外務員 | 一種外務員 | 確認先 |
| --- | --- | --- | --- |
| 知識の深さ | 基礎中心 | 専門·実務寄り | 要項 |
| デリバティブ | 出題科目外（一般） | 出題あり | 要項·必携 |
| 問数·時間 | 70問120分 | 100問160分 | 試験概要 |
| 合格ライン | 210点/300点 | 308点/440点 | 試験概要 |",演習量の目安,"初学者の総学習時間はおおむね80〜150時間が目安です（個人差·区分で変動）。4分野1周後は、本番形式の通し演習（二種70問120分または一種100問160分）を月2回以上入れると210点/308点までの距離が見えます。たとえば残り12週なら、平日週5日×45分＝週3.75時間に加え、日曜70問通し1回で弱点タグを特定するサイクルが現実的です。当サイトの演習バンクは本番より問数が多く、10問·20問の短セットもあるため、通勤時間は短セット、週末は通し、と役割分担してください。

| フェーズ | 期間目安 | 必携 | 演習 |
| --- | --- | --- | --- |
| 1周目 | 8〜16週 | 4分野を順読 | 分野別10問/週 |
| 2周目 | 4〜8週 | 誤答章再読 | 20問混合/週 |
| 直前 | 4週 | 版数·改正確認 | 通し月2回以上 |
| 記録 | 通年 | 章番号タグ | 210点/308点換算 |",改定情報の確認,"出題範囲は法令改正·協会規則改定·必携の版替えで変わり得ます。確認の正本は、日本証券業協会「外務員資格試験」ページの要項と、外務員必携各巻表紙の版数·改訂日です。例えば6月19日に要項と必携1巻表紙を保存し、予約確定日と試験2週前に再ダウンロードして差分を1行メモする習慣が有効です。非公式まとめサイトだけで範囲を覚えると、改訂漏れで演習がずれるリスクがあります。テキスト選びの詳細は textbook-selection、週次配分は study-plan が続きの正本です。

| タイミング | 確認すること | 保存 |
| --- | --- | --- |
| 申込前 | 要項の出題範囲表 | PDF |
| 月1回 | 必携版数·改訂日 | 表紙写真 |
| 予約確定時 | 区分（一種/二種） | カレンダー |
| 試験2週前 | 直近改正の有無 | ノート1行 |",次に読むページ,出題形式·配点の骨格は exam-format-overview、合格点の演習換算は pass-score の記事で整理しています。テキスト·必携の選び方は textbook-selection、16週の週次表の作り方は study-plan が続きの正本です。用語の整理は glossary-how-to と terms/ の4分野ハブを組み合わせると、必携の章番号と演習タグの対応表が完成しやすくなります。数値·範囲は必ず日本証券業協会の最新要項と外務員必携の版数で照合してください。,,,外務員必携は試験範囲の正本ですか？,はい。外務員必携は日本証券業協会発行の公式テキスト（全4巻）で、出題範囲·学習の正本として位置づけられます。ただし必携は法律そのものではなく、最終的な範囲の確定は受験要項の出題範囲表です。版数·改定日は申込前と月1回確認してください。,4分野は本番でも足切りされますか？,いいえ。合否は総合得点が満点の7割以上かどうかだけです（二種210点/一種308点）。ただし演習では4分野タグごとに正答数を記録し、たとえば金商法タグ10問中4問しか正解できない状態は、五肢問題の取りこぼしにつながりやすいため、弱点分野へ週10問を追加する運用が現実的です。,exam-format-overview:出題形式と配点;textbook-selection:必携·テキストの選び方;study-plan:週次の学習計画,一種と二種で読む必携の範囲は同じですか？,同じ4巻体系ですが、読む章·深さに差があります。デリバティブ取引は一種のみの出題科目です（要項·必携で再確認）。申込した区分の出題範囲表だけをハイライトし、二種受験者が一種専用章まで暗記しないよう目次段階で印を付けてください。,,
weight-by-topic,出題・形式,証券外務員試験・4分野の配点と勉強の優先順位,証券外務員試験の4分野配点と学習優先順位を整理。金融商品・勧誘規則・金商法・その他法令の比重と弱点対策の進め方を具体例付きで解説します。,証券外務員試験の4分野配分を、公式の出題比率と演習データの両面から整理します。たとえば残り12週で模試正答率が勧誘・販売規則45％・金融商品取引法55％なら、前者に平日30分追加する配分変更例も示します。初学者が迷いやすい優先順位の決め方を解説します。,出題範囲の確認先;範囲の全体像と改定;科目・配点;制限時間と出題形式;過去問との対応,19,出題範囲;試験形式,証外マスター編集部,資格学習サイトの編集チーム,公式情報確認担当,公開前に一次情報との照合を行う担当者,2026-06-17,日本証券業協会（公式）|https://www.jsda.or.jp/,手書きリライト 2026-06-17。出題・形式向けテンプレートから作成。公開前に本文・参照URL・関連リンクを差し替える。,本記事を読むと、4分野の出題比重と自分の弱点が数値で見え、週次の学習時間配分を根拠を持って調整できるようになります。,要項または必携で4分野の出題比重の目安を確認する;分野別10問演習で正答率のベースラインを記録する;正答率50％未満の分野に平日30分を追加する;2週ごとに配分を見直し、通し演習の未解答分野を優先する;直前2週は弱点2分野に集中し、他分野は演習5問で維持する,試験要項・公式ページ更新時に本文と参照元を見直す。,2026-06-17,2026-06-29,2026-06-17,published,手書きリライト・具体例,4分野の出題比重の考え方,4分野は金融商品・サービス、勧誘・販売規則、金融商品取引法、その他法令・業務です。おおむね均等に近い配分とされることが多いですが、年度・区分で差があるため要項と外務員必携の出題範囲表を必ず確認してください。たとえば一種100問なら各分野20〜30問程度を想定して週次計画を立て、「どの分野も最低10問は演習する」週を設けると偏りを防げます。配点表は学習ノートの表紙に写し、演習後に分野別正答率を書き込んでください。,初学者の優先学習順,商品知識の土台があると後半が読みやすいため、金融商品・サービスから入る順が多いです。例えば第1週は投資信託・株式の章、第2週は勧誘・販売規則、第3週は金融商品取引法、第4週はその他法令・業務、と4週で1周するロードマップが初学者向けです。金融未経験でも、用語解説で「有価証券」「株式」を先に読んでから必携に入ると専門用語の壁が下がります。優先順位は固定ではなく、演習結果で2週ごとに見直します。,演習データで弱点分野を特定,各分野の演習10問×4セットで正答率を測ると、配分変更の根拠ができます。たとえば金融商品取引法10問で正答率40％、勧誘・販売規則10問で65％なら、翌週は金商法に平日30分×3日を追加し、勧誘は演習5問維持で十分です。1問平均秒数も記録し、金融商品取引法で90秒超が続くなら条文の下線引き練習を火曜・木曜に15分ずつ入れ、読解不足か暗記不足かを切り分けてください。,配分変更の判断基準,2週連続で同じ分野の正答率が50％未満なら、その分野を最優先に格上げします。例えば残り10週でその他法令・業務だけ遅れている場合、新規教材を増やすのではなく、誤答ノートの該当分野を毎日3問解き直し、週末に同分野10問の通し、という集中2週間プランに切り替えます。一方、65％以上が安定している分野は演習量を半分にし、浮いた時間を弱点へ回すのが得点効率の高い調整です。,直前2週の分野別仕上げ,試験2週前は全分野を均等に広げるより、誤答の多い2分野に絞ります。たとえば残り14日なら、金融商品取引法と勧誘・販売規則に各1時間、他2分野は用語確認と演習5問のみ、という縮小スケジュールにします。通し演習は100問（一種）または60問（二種）を週1回、未解答・誤答が出た分野を翌日に必ず解き直すループを回してください。直前に配分表を見直し、本番で捨てる分野は作らず、最低限の演習で全分野を触ることが大切です。,,,,,配点は公式に公表されていますか？,出題範囲と問題数は要項で確認できます。分野ごとの問数は年度で変動するため、たとえば過去の演習データ10年分を集計するより、当年の模試・通し演習で自分の誤答分布を見る方が実戦的です。公表比率があっても、個人の弱点は演習正答率で判断し、週次配分を柔軟に動かしてください。,一番点数が伸びやすい分野は？,人により異なりますが、勧誘・販売規則は事例と結びつきやすく、金融商品取引法は条文暗記で伸びる受験者が多いです。例えば勧誘が得意なら先に高得点を固め、金商法に時間を割く、という戦略もあります。模試2回分の分野別正答率を表にし、伸び率が高かった分野に直前2週の時間を寄せると効率的です。,exam-overview:試験概要;glossary-how-to:用語ハブ活用法,4分野を同じ時間だけ勉強すればよいですか？,初期は均等配分から始め、演習後に偏らせるのがおすすめです。たとえば週10時間なら各分野2.5時間から始め、正答率40％の分野に追加1時間、60％以上の分野を1時間減らす、と2週ごとに調整します。均等のまま続けると弱点が残り、通し演習で同じ分野だけ未解答が続く原因になります。,,
pass-rate,合格・難易度,証券外務員試験の合格率と難易度の目安【一種·二種】,証券外務員試験の合格率を、日本証券業協会が公表する一般受験者の統計（2024·2025年度）に沿って整理。合格率70％台と合格基準7割の違い、演習得点への活かし方を表で解説します。,証券外務員資格試験の合格率は、日本証券業協会「外務員資格試験」ページが正本です。公表値は一般受験者に限られ、2025年度は一種73.1％·二種68.1％、2024年度は一種73.0％·二種64.5％でした（2026年6月時点の公式表）。たとえば残り12週で二種通し192点なら、合格率より先に210点までの−18点を五肢2問分として直す判断の方が合格に近づきます。年度更新は月1回、要項と試験結果表をセットで確認してください。,合格率の確認先;合格点・基準の意味;難易度の考え方;統計の読み方;学習計画への反映,20,合格率;難易度,証外マスター編集部,資格学習サイトの編集チーム,公式情報確認担当,公開前に一次情報との照合を行う担当者,2026-06-19,日本証券業協会（公式）|https://www.jsda.or.jp/,手書きリライト 2026-06-17。合格・難易度向けテンプレートから作成。公開前に本文・参照URL・関連リンクを差し替える。;greenfield_done,本記事を読むと、たとえば2025年度二種68.1％という公式数値を自分の192点（210点未満）と混同せず、演習得点の改善優先度に変換できるようになります。,日証協試験ページで一般受験者の受験者数·合格者数·合格率を写す;一種と二種を別ノートに分け、年度·確認日を表紙に書く;合格率と合格基準7割（210点/308点）を別ページに分離する;週日曜に通し演習の得点換算を記録し、合格率より優先して見る;pass-scoreで210点/308点の逆算表を確認する,試験要項・公式ページ更新時に本文と参照元を見直す。,2026-06-19,2026-06-29,2026-06-19,published,2026-06-19: greenfield完了（試験ファクト照合·新規執筆）,合格率の正本と確認先（一般受験者）,"合格率の正本は、日本証券業協会が「外務員資格試験」ページ末尾で公表する「過去2年間の受験者数、合格者数と合格率（一般受験者）」です。協会員の役職員等が会社経由で受験する区分とは別集計のため、自分がプロメトリック経由の一般受験なら、この表だけを見ます。検索上位のまとめは年度·区分の取り違えが多いので、受験者数·合格者数·合格率の3列をセットで写してください。たとえば6月19日に2025年度行を保存し、12月にページを開き直して2026年度行が追加されていないか確認する習慣が、数字ズレを防ぎます。

| 確認項目 | 正本 | 注意 |
| --- | --- | --- |
| 合格率 | 日証協 試験ページ | 一般受験者のみ |
| 受験者数 | 同上 | 一種/二種別 |
| 合格者数 | 同上 | 3列セットで記録 |
| 合格基準 | 試験概要表 | 7割得点（別概念） |",直近2年度の数値（2024·2025年度）の読み方,"2026年6月時点の公式表では、次のとおりです（一般受験者）。一種は2024年度73.0％（6,903名中5,038名合格）、2025年度73.1％（7,408名中5,418名合格）と横ばいです。二種は2024年度64.5％（4,268名中2,751名合格）、2025年度68.1％（3,753名中2,557名合格）と、受験者数·合格率ともに変動しています。たとえば11月に二種を予約し残り12週なら、2025年度68.1％を見るより週日曜の70問通し得点が210点に近づいているかを先に確認する方が判断に直結します。

| 年度 | 一種合格率 | 一種受験者 | 二種合格率 | 二種受験者 |
| --- | --- | --- | --- | --- |
| 2025年度 | 73.1％ | 7,408名 | 68.1％ | 3,753名 |
| 2024年度 | 73.0％ | 6,903名 | 64.5％ | 4,268名 |
| 出典 | 日証協「過去2年間…（一般受験者）」 | 確認日を記録 | 区分を混ぜない | — |",合格率70％台と合格基準7割（210点/308点）の違い,"合格率の「7割前後」と、合否基準の「満点7割以上」は別概念です。合格基準は個人の得点が二種210点/300点·一種308点/440点に達するかどうか、合格率はその年度の一般受験者全体のうち何％が基準を超えたかを示します。たとえば二種の合格率68.1％でも、未学習で受験すれば210点に届かないケースは普通に起こります。逆に、演習で210点超えが2回続くなら、合格率より自分の得点ログを信頼してください。分野別足切りはなく、総合得点のみが判定基準です。

| 概念 | 意味 | あなたの数字 |
| --- | --- | --- |
| 合格率 | 年度·区分の母集団統計 | 参考程度 |
| 合格基準 | 7割得点ライン | 210点/308点 |
| 演習得点 | 個人の実力指標 | 形式別換算 |
| 判断 | 統計で不安を煽らない | 得点差分を優先 |",演習得点と合格率統計の使い分け,"学習中に見るべきは、通し演習の得点換算（〇×2点·五肢10点）です。合格率68.1％を「自分も68％の確率で合格」と読むのは誤りです。例えば残り12週で二種70問通しが192点（210点まで−18点）なら、統計を見る時間より五肢週15問を増やす方が期待値が高いです。日曜に分野タグ別10問の正答数を集計し、合格率の数字は月1回·5分だけ確認する運用が、メンタルと配分の両方に効きます。直前2週は統計閲覧を止め、誤答ノート上位20問に集中してください。

| 週次 | 見る数字 | やらないこと |
| --- | --- | --- |
| 日曜 | 通し得点·210点差分 | 合格率との直接比較 |
| 水曜 | 分野タグ10問正答 | 一種/二種混読 |
| 月1回 | 日証協2年度表 | 非公式まとめのみ |
| 直前2週 | 誤答復習 | 合格率検索 |",難易度の目安（一種·二種を混ぜない）,"一種と二種は出題範囲·問数·時間が異なるため、合格率だけで「どちらが易しい」と結論づけないことが大切です。一種は100問160分·デリバティブ含む専門範囲、二種は70問120分·基礎中心です。たとえば証券会社未経験の社会人が二種から始める場合、合格率64.5〜68.1％という数字より、80〜150時間の学習量と外務員必携4巻1周の進捗の方が難易度の実感に近いです。一種を目指す場合も、二種の合格率を理由に安易に飛び級しないでください。

| 区分 | 形式 | 統計の見方 | 学習の目安 |
| --- | --- | --- | --- |
| 二種 | 70問120分 | 2025年度68.1％ | 必携1周＋通し |
| 一種 | 100問160分 | 2025年度73.1％ | 範囲·時間増 |
| 共通 | CBT·7割得点 | 区分別2年分 | 210点/308点換算 |
| 注意 | 混同禁止 | 会員受験は別集計 | 演習優先 |",関連ガイド,合格点の演習換算は pass-score、出題形式·配点の骨格は exam-format-overview の記事が正本です。4分野の範囲地図は exam-scope-overview、週次計画への落とし込みは study-plan と組み合わせてください。合格率は参考統計、合格可否の判断は210点/308点の得点ログを優先し、数値は必ず日本証券業協会の最新公表表で照合してください。,,,証券外務員試験の合格率はどこで確認できますか？,日本証券業協会「外務員資格試験」ページ末尾の「過去2年間の受験者数、合格者数と合格率（一般受験者）」が正本です。2025年度は一種73.1％·二種68.1％、2024年度は一種73.0％·二種64.5％です。たとえば二種受験で2025年度68.1％を見たら、同じ日に通し演習192点（210点まで−18点）と並べて週次ノートに書くと混同しにくくなります。,合格率が7割なら、勉強しなくても合格できますか？,いいえ。合格率は受験した人全体の結果であり、個人の合格保証ではありません。合格基準は総合得点7割（二種210点/一種308点）で、未学習では五肢10点問題で大きく失点しやすいです。たとえば演習192点なら、合格率より−18点の改善を優先してください。,pass-score:合格点と得点の逆算;exam-format-overview:出題形式と配点;study-plan:週次の学習計画,一種と二種、どちらが難しいですか？,合格率だけでは比較できません。一種は100問160分·デリバティブ含む専門範囲、二種は70問120分·基礎中心です。2025年度の一般受験者合格率は一種73.1％·二種68.1％ですが、職務内容·学習時間·範囲の差を踏まえ、要項で自分の区分を決めてください。,,
pass-score,合格・難易度,証券外務員試験の合格点·合格基準【総合7割·210点/308点】,証券外務員試験の合格点·合格基準を、日本証券業協会の試験概要に沿って整理。二種300点満点210点合格·一種440点満点308点合格の換算と、演習得点の記録方法を表で解説します。,証券外務員資格試験の合格基準は、日本証券業協会が公表する「合否判定基準」が正本です。二種は300点満点の7割（210点）以上、一種は440点満点の7割（308点）以上で、2026年6月時点の試験概要どおり分野別足切りはありません。たとえば残り10週で二種通し演習が185点なら、五肢得点を10点換算で見直すとあと25点分の改善ポイントが数値で見えます。区分·年度で改定があり得るため、申込前と試験2週前に要項を再確認してください。,合格率の確認先;合格点・基準の意味;難易度の考え方;統計の読み方;学習計画への反映,20,合格率;難易度,証外マスター編集部,資格学習サイトの編集チーム,公式情報確認担当,公開前に一次情報との照合を行う担当者,2026-06-19,日本証券業協会（公式）|https://www.jsda.or.jp/,手書きリライト 2026-06-17。合格・難易度向けテンプレートから作成。公開前に本文・参照URL・関連リンクを差し替える。;greenfield_done,本記事を読むと、たとえば二種通し192点（〇×82点＋五肢110点）から210点までの−18点を五肢2問分として分解でき、週次計画に落とし込めるようになります。,日証協試験概要で二種210点·一種308点をノート表紙に写す;通し演習後に〇×正答数×2点と五肢正答数×10点を分けて記録する;185点など実測得点から210点/308点までの差分を1行メモする;五肢正答率50％未満なら翌週の演習20問の半分を五肢形式に寄せる;exam-format-overviewで問数·配点の骨格を再確認する,試験要項・公式ページ更新時に本文と参照元を見直す。,2026-06-19,2026-06-29,2026-06-19,published,2026-06-19: greenfield完了（試験ファクト照合·新規執筆）,合格基準の全体像（総合7割·分野足切りなし）,"外務員資格試験の合否は、総合得点が満点の7割以上かどうかだけで判定されます。他資格のように出題分野ごとの足切りは設けられておらず、一種·二種とも「440点中308点」「300点中210点」という総合ラインが基準です。CBT終了直後に画面へ正解率が表示され、一般受験者には後日メール通知も届きます。たとえば9月予約時点で要項PDFの「合否判定基準」欄を保存し、試験8週前に同じ欄を読み直すと、年度改定の取りこぼしを防げます。

| 区分 | 満点 | 合格ライン（7割） | 分野別足切り | 正本 |
| --- | --- | --- | --- | --- |
| 二種外務員 | 300点 | 210点以上 | なし | 日証協 試験概要 |
| 一種外務員 | 440点 | 308点以上 | なし | 同上 |
| 配点 | 〇×2点·五肢10点 | 総合のみ判定 | — | 同上 |",一種·二種ごとの得点ライン（210点/308点）,"満点の内訳は、〇×問題（1問2点）と五肢選択（1問10点）の合算です。二種は〇×50問100点＋五肢20問200点で300点、一種は〇×70問140点＋五肢30問300点で440点になります。合格ライン210点は、五肢をすべて正解（200点）に近づけ、残り10点を〇×5問分で補うイメージでも理解できます。例えば一種で五肢24問正解（240点）なら、〇×34問正解（68点）で308点に届き、五肢の正答数が合格可否を大きく左右します。

| 区分 | 〇×満点 | 五肢満点 | 合格点 | 五肢全正解時の残り〇× |
| --- | --- | --- | --- | --- |
| 二種 | 100点（50問） | 200点（20問） | 210点 | あと10点＝5問 |
| 一種 | 140点（70問） | 300点（30問） | 308点 | あと8点＝4問 |
| 演習記録 | 正答数×2 | 正答数×10 | 合計 | 形式別に分けて集計 |",演習得点の換算と記録の仕方,"当サイトの通し演習や市販模試は、本番と同じ「2点/10点」換算で記録すると210点/308点までの距離がそのまま読めます。ノート1行目に日付、2行目に「〇×正答/50×2＋五肢正答/20×10＝合計点」と書く形式が週次比較に向きます。たとえば11月2回目の二種70問で合計192点（〇×41問82点＋五肢11問110点）なら、210点まで18点不足＝五肢2問分相当と分解できます。正答率だけでなく得点換算を習慣化すると、改善優先度が形式別に見えます。

| 記録項目 | 書き方の例 | 合格ラインとの比較 |
| --- | --- | --- |
| 二種合計 | 82＋110＝192点 | 210点まで−18点 |
| 五肢部分 | 11/20問→110/200点 | 200点に近いほど安全 |
| 〇×部分 | 41/50問→82/100点 | 100点フルも必要に応じて |
| 次週の修正 | 五肢＋2問を目標 | 18点＝五肢約2問 |",五肢選択が合格を左右する典型パターン,"足切りはありませんが、五肢1問10点のため「五肢だけ低い」状態は総合点を大きく削ります。典型例は、〇×は45問以上正解しているのに五肢が8問止まり（80点）で合計170点前後に留まるケースです。たとえば残り6週で五肢正答が10/20問なら、まず五肢専用演習を週15問×4週入れ、〇×は週10問で維持する配分が現実的です。計算問題は外務員必携の該当章に戻り、語句問題は用語集と往復すると10点問題の取りこぼしが減りやすくなります。

| パターン | おおよその得点 | 弱点 | 修正の第一歩 |
| --- | --- | --- | --- |
| 〇×偏重 | 〇×90点＋五肢60点＝150点 | 五肢 | 五肢週15問 |
| 五肢良好 | 〇×60点＋五肢160点＝220点 | なし（合格圏） | 通し本番形式 |
| バランス型 | 〇×80点＋五肢110点＝190点 | 五肢＋2問 | 誤答ノート上位10問 |
| 一種換算 | 五肢22/30＋〇×不足 | 五肢3問 | 308点逆算表 |",公式要項の確認手順,"合格点の数値は、日本証券業協会「外務員資格試験」の試験概要表が正本です。非公式まとめの「60％合格」「分野40％足切り」は本試験の基準ではないため、要項PDFの該当欄を自分で確認してください。例えば6月19日に要項を保存したら、予約確定日と試験2週前の2回、210点/308点の記載が変わっていないか1行で差分チェックします。CBTの結果表示は正解率ですが、合格判定は配点換算後の総合得点です。試験後は画面表示とメール通知を保存し、再受験の場合は30日待機など要項·プロメトリック案内の手続きも合わせて確認してください。

| タイミング | 確認すること | 保存先 |
| --- | --- | --- |
| 申込前 | 210点/308点·7割表記 | 要項PDF |
| 予約確定時 | 受験区分（一種/二種） | カレンダー |
| 試験2週前 | 改定の有無 | ノート1行 |
| 試験直後 | 画面·メールの結果 | スクリーンショット |",関連ガイド,問数·時間·配点の骨格は exam-format-overview の記事で整理しています。合格率の読み方と統計の使い方は pass-rate、4分野の学習配分は study-plan が続きの正本です。通し演習の回数設計は past-question-strategy と組み合わせると、210点/308点までのギャップを週次で追いやすくなります。数値は必ず日本証券業協会の最新案内で照合し、演習は当サイトの70問/100問本番形式から始めると記録が揃います。,,,証券外務員試験の合格点は何点ですか？,二種外務員は300点満点の7割（210点）以上、一種外務員は440点満点の7割（308点）以上です。日本証券業協会の試験概要「合否判定基準」が正本で、分野別足切りはありません。CBT終了時に正解率が表示されますが、合格判定は配点換算後の総合得点です。申込前に要項で区分ごとの数値を確認してください。,演習の正答率60％は合格ラインですか？,そのままでは使えません。本番は〇×2点·五肢10点の配点があるため、正答率だけでは210点/308点に換算できません。たとえば二種70問で正答42問（60％）でも、五肢の内訳次第で190点台に留まることがあります。演習後は形式別正答数から得点を計算し、210点/308点との差分を記録してください。,exam-format-overview:出題形式と配点;pass-rate:合格率の読み方;study-plan:週次の学習計画,「分野40％足切り」という説明は正しいですか？,正しくありません。外務員資格試験の合否は総合得点が満点の7割以上かどうかだけです。ただし五肢1問10点のため、特定分野を完全に空振りすると総合点は伸びにくくなります。演習では4分野タグごとに正答数を記録し、弱点分野へ週10問を追加する運用が現実的です。,,
textbook-selection,独学対策,証券外務員試験のテキスト・外務員必携の選び方,証券外務員試験の外務員必携・テキストの選び方を整理。版数確認、選定基準、試用判断、週次計画、直前運用を具体例付きで解説します。,証券外務員試験のテキスト選びを、外務員必携の版数確認から2週間の試用判断まで整理します。たとえば残り12週なら、受験年度対応版を1セットに固定し、第1章読了後に演習10問で相性を確認する手順も示します。,独学前に公式情報を確認;教材・参考書の選び方;過去問で現在地を確認;復習を計画に入れる;直前期の絞り込み,26,独学;教材;学習計画,証外マスター編集部,資格学習サイトの編集チーム,公式情報確認担当,公開前に一次情報との照合を行う担当者,2026-06-17,日本証券業協会（公式）|https://www.jsda.or.jp/,手書きリライト 2026-06-17。独学対策向けテンプレートから作成。公開前に本文・参照URL・関連リンクを差し替える。,本記事を読むと、買い足しすぎず受験年度に合った必携1セットを選び、第1章＋演習10問で2週間以内に相性を判断できるようになります。,日本証券業協会サイトで外務員必携の最新版・改訂日を確認する;要項の出題範囲と必携目次を1対1で照合する;必携到着後2週間で第1章＋演習10問を完了する;合わない場合のみ早めに1冊に絞り替える;試験2か月前に版を固定し新規教材を増やさない,試験要項・公式ページ更新時に本文と参照元を見直す。,2026-06-17,2026-06-29,2026-06-17,published,手書きリライト・具体例,外務員必携の版数確認,テキスト選びの前提は、日本証券業協会が発行する外務員必携の受験年度対応版です。たとえば令和8年度受験なら、要項に記載の版数・改訂日を公式サイトで確認し、中古や旧版を誤って購入しないよう、注文前に目次の発行年を照合してください。出題範囲の正本は要項と必携であり、非公式まとめの章立ては参考程度に留めます。確認日をノートに書き、改訂通知がないか月1回チェックします。,テキスト選定の4つの基準,選定基準は次の4点です。①受験年度・改訂対応版、②4分野を網羅した目次、③一種／二種の自分の区分に対応した巻・章、④演習との章対応が取りやすいこと。例えば二種受験で店頭販売中心なら、要項の範囲表と必携の二種表記を照合し、不要な章に週5時間以上を使わないよう計画に反映します。参考書3冊より、必携1セットを厚く使い倒す方が独学では効率的です。購入前に要項の出題範囲表と目次を印刷し、付箋で対応章を印を付けておくと迷いません。,到着後2週間の試用判断,必携到着後、第1章読了→演習10問のセットで相性を確認します。たとえば金融商品・サービスの第1章を読み、週末に同分野10問で正答率50％、解説と必携の対応が取りやすければこのセットで継続、読みにくければ2週間以内に1冊だけ差し替えます。試用を長引かせると演習が遅れ、残り12週の計画全体がずれるため、判断は早めに行ってください。試用中も日曜の誤答解き直しは継続し、演習ゼロ週を作らないことが重要です。,必携中心の週次計画,テキスト中心の週次例です。平日：必携半章＋演習3問、土曜：1章完結＋演習10問、日曜：誤答解き直しと用語5件。例えば勧誘・販売規則の章を読んだ週は、用語「適合性の原則」「重要事項説明」もセットで読むと演習の正答率が上がりやすくなります。必携の付箋（演習で出た論点）が直前復習リストになるよう、誤答したページに付箋を貼る習慣をつけてください。週末に付箋が5枚未満なら演習量を増やし、理解不足の章を特定します。,直前1か月のテキスト運用,試験1か月前からは必携の新規章を開かず、付箋ページと誤答ノートに集中します。たとえば残り4週なら、未読章は概要だけにし、誤答に紐づく条文ページを10分ずつ確認する最小ループを繰り返します。試験2か月前に版を固定し、直前に新しい参考書を増やすと情報過多で不安だけが増えるため、教材は減らす方向で仕上げてください。直前は金融商品取引法の頻出条文ページを付箋色で優先度分けすると効率的です。,,,,,必携以外の参考書は必要ですか？,必須ではありません。条文の読み方が難しい分野だけ、図解参考書の1章を補助に使い、すぐ必携の該当条文に戻って演習5問を解く使い方なら範囲逸脱を防げます。たとえば金融商品取引法の第37条で止まった週だけ参考書1章を読み、翌日に演習5問、という限定運用が安全です。メインは必携1セット＋演習、に固定してください。,中古の必携は使えますか？,改訂年度が受験年度と一致し、要項の出題範囲と目次が対応していれば使えます。たとえば表紙の版数と日本証券業協会サイトの最新版を照合し、1章以上の差分がある場合は新刊を検討してください。法令改正章は要項で取扱いを再確認します。,exam-overview:試験概要;study-plan:学習計画,一種と二種で必携は違いますか？,巻・章によって読む範囲・深さが異なることがあります。要項の区分表と必携の「一種」「二種」表記を照合し、自分の区分に不要な章に時間を使わないよう計画を立ててください。区分を誤ると演習量の設計もずれるため、申込前に上司または人事と確認した日付を残します。,,
review-cycle-spaced,復習・苦手克服,証券外務員試験の間隔反復復習のやり方,証券外務員試験の間隔反復復習のやり方を整理。1・3・7・14日サイクル、理由タグ更新、弱点分野の追加演習を具体例付きで解説します。,証券外務員試験の演習・用語を、間隔を空けて定着させる復習サイクルを整理します。たとえば残り10週なら、誤答問題を当日・3日後・7日後・14日後の4点で解き直す運用例も示します。,復習サイクルの作り方;間違いの分類;苦手分野の優先順位;偶然正解の見直し;直前までの維持,36,復習;苦手克服,証外マスター編集部,資格学習サイトの編集チーム,公式情報確認担当,公開前に一次情報との照合を行う担当者,2026-06-17,日本証券業協会（公式）|https://www.jsda.or.jp/,手書きリライト 2026-06-17。復習・苦手克服向けテンプレートから作成。公開前に本文・参照URL・関連リンクを差し替える。,本記事を読むと、誤答問題に再挑戦日を付け、残り10週で1・3・7・14日の4点解き直しサイクルを自分で運用できるようになります。,誤答問題に再1・再2・再3・再4の印を付ける;Day0→3→7→14の4点解き直しを基本とする;3連続正解でリストから除外する;日曜を解き直し専用日に固定する;再挑戦日をカレンダーまたはブックマークで管理する,試験要項・公式ページ更新時に本文と参照元を見直す。,2026-06-17,2026-06-29,2026-06-17,published,手書きリライト・具体例,間隔反復サイクルの作り方,間隔反復は、解いた直後に解き直すのではなく、忘れかけた頃に再挑戦する方法です。基本は当日（解説＋メモ）→3日後（時間なし）→7日後（時間計測）→14日後（最終確認）の4点です。たとえば月曜に演習10問で3問誤答したら、火曜に解説整理、木曜に3問解き直し、翌週月曜に時間計測、さらに1週後に最終確認、とカレンダーに登録します。再挑戦日を書かないと解き直しが抜けるため、誤答ノートと同じ冊子で管理してください。,解き直し時の理由タグ更新,解き直しでも誤答理由を毎回記録し、同じ理由か変わったかを見ます。例えば3日後に知識不足で再誤答したら必携の該当章へ、7日後に読解不足なら問題文の条件を声出しで読む練習を平日15分×2日入れます。理由が変わった場合は対策も変える必要があり、同じ演習を繰り返すだけでは改善しません。タグは「知識」「読解」「時間」「混同」の4種に統一すると週次分析がしやすくなります。,弱点分野への追加演習,14日以内に同じ論点で3回誤答したら、その週は追加演習10問を入れます。たとえば金融商品取引法の第37条で3回つまずいたら、用語「有価証券」と演習10問をセットにし、翌週の解き直しで正答率を再計測します。弱点分野の追加は新規章の先読みより、誤答論点の集中攻撃を優先してください。追加演習後も14日サイクルは維持し、早く正解しても最終確認日は飛ばさないでください。,偶然正解の見抜き方,1回目は正解でも、説明が言えなければリストに残します。例えば7日後の解き直しで正解した問題でも、誤答肢を消去法だけで消したなら14日後に再挑戦し、正答理由を一文で書けるまで残します。3連続正解かつ説明可能になった問題だけリストから除外するルールが、本番での再現性を高めます。偶然正解を早めに除外すると、直前に再発する失点につながります。説明できない正解は14日後のリストに残し、正答理由を一文で書けるまで継続してください。,直前期の間隔短縮,試験1か月前からは間隔を短縮し、3日→2日→前日確認に切り替えます。たとえば残り4週は新規演習を週10問に減らし、解き直しを全体の90％に寄せます。直前1週は誤答ノート上位20問だけを毎日5問ずつ回し、睡眠7時間を削らないことを最優先にしてください。間隔短縮中も理由タグの更新は続け、同じミスが再発していないかを確認します。直前1週は解き直し90％・新規10％の比率を守ると、頭の中が整理されたまま本番に入れます。,,,,,何回解き直せばよいですか？,標準は4回（当日・3・7・14日）です。3連続正解かつ説明可能になった問題は除外して構いません。たとえば残り10週なら、このサイクルを2回以上回せる問題だけに絞ると、解き直しの負担と効果のバランスが取れます。新規演習を増やしすぎないことも重要です。,間隔反復は独学でもできますか？,可能です。誤答ノートに再挑戦日を書くか、演習のブックマーク機能で日付管理すれば十分です。例えば日曜90分を解き直し専用に固定し、カレンダーの再挑戦日を週初に確認する習慣を10週続けると、独学でも定着率が上がります。,past-question-strategy:過去問の使い方;study-plan:学習計画,用語も間隔反復の対象にしますか？,はい。演習誤答語は用語ページ確認の3日後・7日後に声出し復習を入れると効果的です。たとえば「適合性の原則」を誤った週は、当日に用語確認、3日後に定義説明、7日後に関連演習5問、という流れで知識と問題解法を同時に定着させられます。,,
exam-day-flow,直前・当日,証券外務員試験当日の流れと時間配分のコツ,証券外務員試験当日の流れと時間配分を整理。会場到着から解答終了までのタイムライン、チェックポイント、見切りルールを具体例付きで解説します。,証券外務員試験（CBT）の当日を、起床から解答終了までのタイムラインと時間配分のコツまで整理します。たとえば残り7日なら、一種100問160分で25問ごとに残り時間を確認し、90秒で解けない問題は印を付けて先へ進む運用例も示します。,直前1〜2週間の絞り込み;最終確認リスト;当日のタイムライン;持ち物と時間配分;メンタル・トラブル対応,70,直前対策;試験当日,証外マスター編集部,資格学習サイトの編集チーム,公式情報確認担当,公開前に一次情報との照合を行う担当者,2026-06-17,日本証券業協会（公式）|https://www.jsda.or.jp/,手書きリライト 2026-06-17。直前・当日向けテンプレートから作成。公開前に本文・参照URL・関連リンクを差し替える。,本記事を読むと、CBT当日に何時に何をするかが明確になり、残り7日で起床から着席までのタイムラインを自分で組み立てられるようになります。,試験3日前に会場までの移動時間を実測する;前日夜に持ち物をバッグへ入れ当日朝は確認だけにする;一種は25問ごと、二種は15問ごとの時間チェック表を作る;90秒で解けない問題は印を付けて先へ進むルールを紙に書く;最終10分は未解答と見直し問題の確認に充てる,試験要項・公式ページ更新時に本文と参照元を見直す。,2026-06-17,2026-06-29,2026-06-17,published,手書きリライト・具体例,直前1〜2週間の仕上げ方,試験直前は新規教材を増やさず、誤答ノートと通し演習に時間を寄せます。たとえば残り10週なら、誤答ノートと通し演習に時間を寄せ、試験週の起床時刻を2〜3日先取りで固定してください。生活リズムも本番に合わせ、試験週の起床時刻を2〜3日先取りで固定してください。直前期は知識追加より、時間配分と会場動線の確認が得点に直結します。週10問の新規は止め、誤答上位20問の解き直しと通し演習月1回に切り替えてください。,最終確認リストの作り方,最終確認は行動順に並べると当日の迷いが減ります。例えば前日に「受験票・身分証・筆記用具（要項で再確認）・会場住所・交通経路・開始時刻」をチェックリスト化し、当日朝は上から順に確認するだけにします。日本証券業協会の試験案内でCBT会場の禁止事項も再読し、カバンから外す物を前日に決めておくと、受付前の焦りを抑えられます。チェックリストはスマホ写真1枚でも十分で、家族と共有すると忘れ物が減ります。,当日タイムラインの設計,余裕時間を含めたタイムラインが鍵です。たとえば開始90分前に会場到着、60分前に受付完了、30分前に着席、という基準を置き、遅延時は予備ルートへ切り替える判断ラインを事前に決めます。開始後は最初の10問で全体を見渡し、条文・用語の確実な問題から手を付けます。一種100問160分なら50問時点で残り60分、二種70問120分なら30問で残り45分、をメモ用紙に書いておくと、中盤のペース判断が速くなります。,解答中の時間配分と見切り,本番の時間配分は、通し演習で練習したルールをそのまま使います。例えば一種では平均72秒/問を目安に、90秒で解けない問題に印を付けて先へ進み、最後の15分に印付き問題だけ集中して回収します。金融商品取引法の長文や事例問題は2〜3問分の時間を確保するため、短い条文問題は60秒以内を目標にしてください。最終10分は未解答の有無と、印付き問題の見直しに専念し、新規の深読みは避けます。,トラブル時の立て直し,想定外が起きても、手順に戻れば得点は積み上げられます。たとえば10問目で集中が切れたら、呼吸を整え、次の5問だけを目標に再開します。画面の不具合や体調異変は早い段階で係員へ申し出るのが原則です。完璧を目指して固まるより、「印を付けて進む→最後に回収」のルールを通し演習で3回以上練習しておくと、本番でも再現しやすくなります。トラブル後は配分表を見ず、次の25問チェックポイントだけを確認してください。,,,,,直前に新しい問題集を買ってもよいですか？,当日フローを安定させたい時期は、教材追加を抑える方が効果的です。たとえば残り7日なら、誤答ノート上位20問と通し演習1回に絞り、会場までの移動リハーサルに時間を充ててください。新規論点を増やすと、直前に何を確認するかが散らばり、行動準備が後回しになります。,CBTで使えるメモはありますか？,会場・年度によって異なるため、日本証券業協会の試験案内と受験票の案内で再確認してください。例えば配布されるメモ用紙があれば、25問ごとの残り時間を書く習慣を通し演習で先に練習しておくと本番で迷いません。持ち込み可否は要項が正本です。,past-question-strategy:過去問の使い方;glossary-how-to:用語ハブ活用法,独学での当日準備のコツは？,独学では学習内容と当日行動を分けて管理するのが有効です。平日は誤答解き直し、試験5日前に通し演習1回、前日に会場確認と持ち物準備、という配分が現実的です。たとえば土曜に100問160分、日曜に誤答5問だけ、を最終週に入れると、本番の緊張感に慣れやすくなります。,,
final-day-checklist,直前・当日,証券外務員試験・前日・当日の持ち物リスト,証券外務員試験の前日・当日の持ち物リストを整理。受験票・身分証・会場確認、前日の準備、当日朝の最終チェックを具体例付きで解説します。,証券外務員試験（CBT）の前日・当日に必要な持ち物と確認項目を、チェックリスト形式で整理します。たとえば残り3日なら、試験3日前に会場往復と持ち物セットを完了し、当日朝はリストの確認だけにする運用例も示します。,直前1〜2週間の絞り込み;最終確認リスト;当日のタイムライン;持ち物と時間配分;メンタル・トラブル対応,70,直前対策;試験当日,証外マスター編集部,資格学習サイトの編集チーム,公式情報確認担当,公開前に一次情報との照合を行う担当者,2026-06-17,日本証券業協会（公式）|https://www.jsda.or.jp/,手書きリライト 2026-06-17。直前・当日向けテンプレートから作成。公開前に本文・参照URL・関連リンクを差し替える。,本記事を読むと、前日・当日の持ち物と確認順序が分かり、残り3日でチェックリストを完成させて忘れ物ゼロで会場に入れるようになります。,日本証券業協会の試験案内で持ち物・禁止物を再確認する;受験票と身分証の保管場所を固定する;試験3日前に会場まで往復し所要時間をメモする;前日夜にバッグへ一式を入れ、当日朝は確認のみにする;開始90分前到着を目標に出発時刻を逆算する,試験要項・公式ページ更新時に本文と参照元を見直す。,2026-06-17,2026-06-29,2026-06-17,published,手書きリライト・具体例,公式情報で確認する持ち物,持ち物の正本は日本証券業協会の試験案内と受験票です。CBT会場では受験票、身分証明書、筆記用具の要否などが年度ごとに案内されるため、申込後と試験1週間前の2回は必ず再確認してください。たとえば試験7日前に要項PDFを保存し、持ち物・禁止物・受付時間をチェックリストの1〜5行目に転記すると当日の迷いが減ります。非公式の体験記だけで判断せず、一次情報を優先してください。,忘れやすいものの対策,忘れやすいのは受験票の印刷・表示、身分証、会場住所、開始時刻です。例えば前日に「受験票スクリーンショット・身分証・交通系IC・現金（要項確認）・眼鏡・マスク（必要なら）」をバッグの同じポケットに入れ、当日朝はポケットを開けるだけで確認できる配置にします。時計は会場ルールを確認し、持ち込み不可ならスマホを機内モードにして時間は会場時計で合わせます。カバンのどこに何を入れたかまでメモすると、受付前の探し物時間を削れます。,前日の準備ルーティン,前日は学習より準備と休息を優先します。たとえば前日午前に会場まで往復し、所要時間+30分を出発時刻の余裕に加算、午後は誤答5問の軽い復習のみ、夜はバッグ準備と就寝30分早め、という配分が現実的です。新規演習10問を増やすより、睡眠7時間を確保する方が当日の得点に直結します。前日の食事はいつも通りにし、未知の食べ物で体調を崩すリスクは避けてください。就寝は試験2週前から30分早めの習慣を先に始めると、前日の入眠が楽になります。,当日朝の最終チェック,当日朝はチェックリストを上から順に確認するだけにします。例えば起床→受験票・身分証→交通経路→会場到着目標時刻（開始90分前）→受付→着席、の順を紙に書き、各項目にチェックを入れます。遅延情報は出発前に1回だけ確認し、道中は解答のことを考えすぎないよう、「次の25問の目標時間」だけをメモ用紙に書いて持参すると切り替えが楽です。会場到着後はトイレと水分補給を済ませ、開始直前の慌ただしさを減らしてください。,会場・受付で確認すること,会場到着後は受付表示と座席・端末の案内を確認します。たとえば受付完了後に試験10分前までにトイレと水分補給を済ませ、係員の案内どおりに筆記用具やメモの配布有無を確認します。不明点は開始前に質問します。体調不良や機器の不具合は我慢せず、早めに申し出るのが原則です。開始後は周囲のペースに合わせず、通し演習で練習した時間チェック表に従ってください。持ち物トラブルが起きても、解答継続の手順に戻ることが最優先です。,,,,,前日に通し演習すべきですか？,試験5日前までに1回入れておき、前日は軽い解き直しか休息に寄せる方が無難です。たとえば前日は誤答上位5問だけ声出し確認し、100問通しは行わない、というルールにすると睡眠を削りにくくなります。前日の学習より持ち物と会場動線の方が、当日の失点リスクを下げます。,スマホは持ち込めますか？,会場・年度で異なるため、試験案内と受験票の指示に従ってください。多くの場合、受付で電源オフや預かりが求められるため、前日にスマホの充電とアラーム設定を済ませ、当日は案内に沿って対応します。受験票は印刷とスクリーンショットの両方を用意しておくと安心です。,past-question-strategy:過去問の使い方;glossary-how-to:用語ハブ活用法,独学での持ち物準備のコツは？,独学では持ち物チェックリストを試験2週間前に作り、通し演習の日にも同じバッグで会場まで行くリハーサルが有効です。たとえば試験10日前に受験票・身分証・筆記用具をバッグの同じポケットに入れ、通し演習日に会場往復して配置を固定すると、当日の忘れ物を防げます。,,
exam-changes,注意点・更新,証券外務員試験の制度・出題範囲の変更点,証券外務員試験の制度・出題範囲の変更点を整理。要項確認、外務員必携の改版、学習計画への反映を具体例付きで解説します。,証券外務員試験の制度変更・出題範囲の改定を、学習計画へ反映する手順まで整理します。たとえば残り12週で改定章が2つ見つかったら、週5問×4週を改定章に追加し、外務員必携の版数を要項と照合する進め方も示します。,よくある誤解;制度・出題の改定;合格後の手続き;不合格後の立て直し;公式情報の優先,12,誤解;制度変更;合格後,証外マスター編集部,資格学習サイトの編集チーム,公式情報確認担当,公開前に一次情報との照合を行う担当者,2026-06-17,日本証券業協会（公式）|https://www.jsda.or.jp/,手書きリライト 2026-06-17。注意点・更新向けテンプレートから作成。公開前に本文・参照URL・関連リンクを差し替える。,本記事を読むと、制度・範囲の改定を見逃さず、残り12週で改定章に週5問を追加する学習計画の更新ができるようになります。,日本証券業協会の試験案内で当年度要項を保存する;外務員必携の版数・改訂日を要項と照合する;改定章を付箋マークし演習10問を追加する;旧ノートの改定箇所に取り消し線を入れる;月1回、公式お知らせページを確認する習慣をつける,試験要項・公式ページ更新時に本文と参照元を見直す。,2026-06-17,2026-06-29,2026-06-17,published,手書きリライト・具体例,変更情報の正本は公式,制度・出題範囲の変更は、日本証券業協会の試験案内と外務員必携の改版情報が正本です。ブログの「範囲変更まとめ」は参考程度に留め、申込前と試験2か月前の2回は必ず一次情報へ戻って確認してください。たとえば6月に学習開始する場合は、申込時点の要項PDFを保存し、9月と試験1か月前に再ダウンロードして差分を1枚のメモにまとめます。公式確認日をカレンダーに入れると、改定見落としを防げます。,外務員必携の改版への対応,出題範囲の中心は外務員必携のため、版数の不一致は失点リスクになります。例えば受験年度版と手元の版数が違う場合は、改訂箇所の目次を照合し、金融商品取引法・勧誘・販売規則・金融商品・サービス・その他法令のうち改定章に付箋を付け、週5問の演習を追加します。旧版ノートの該当ページには取り消し線を入れ、新版の要点を上書きしてください。改版直後は改定章優先で2週間、他分野の新規は控えめにするのが効率的です。,CBT・問題数の確認,試験形式（CBT）や問題数・時間は要項で毎年確認が必要です。一種100問160分、二種70問120分が目安ですが、受験区分ごとに要項を再読してください。たとえば形式に変更があった年度は、通し演習の問題数と制限時間を申込直後に1回、試験1か月前に1回、計2回見直します。旧年度の体験記の時間配分をそのまま使うと、本番のペーズがずれるため注意が必要です。区分ごとに通し演習の回数を月1回記録し、変更年度は計2回見直すルールにしてください。二種受験者は70問120分、一種は100問160分の条件を要項PDFの1行メモに固定してください。,学習計画への反映手順,改定が分かったら、学習計画の「追加枠」を明示的に確保します。例えば残り12週で改定章が2つある場合、週あたり改定章5問+既習章5問の10問を4週続け、正答率が安定したら通常ペースに戻します。誤答ノートにも「改定章」タグを付け、再発率の高い論点を直前2週で潰してください。改定対応中に新しい参考書を増やすより、必携と演習の往復を優先します。改定章の正答率が2週連続で改善しなければ、用語解説に戻って定義を再確認してください。,過去問・演習の扱い,範囲外になった論点は解き直し対象から外し、時間を現行範囲に集中させます。たとえば改定前の演習30問のうち5問が範囲外なら「範囲外」印を付け、現行範囲の25問だけを週次で解き直します。週次レビューで除外します。現行範囲の演習は分野別正答率を月1回記録し、改定後に数値が落ちた分野から優先的に10問追加する運用が現実的です。当サイトの演習も要項と照合し、学習の主軸は外務員必携に合わせてください。,,,,,去年の教材は使えますか？,基礎学習には使えますが、改定確認を前提にしてください。たとえば旧版で学習中なら、申込時に新版必携の改訂差分を1枚にまとめ、改定章だけ新版で読み直す段階投入が効率的です。数字・主体・期限の記載は特に要項と照合してください。,改定はいつ確認すればよいですか？,申込時、学習中間（残り12週前後）、試験1か月前の3回が目安です。例えば月1回の日曜に日本証券業協会のお知らせを開く習慣をつけると、大きな改定を見逃しにくくなります。確認した日付をノートに書いておくと安心です。,exam-overview:試験概要,独学で改定に気づくには？,独学では公式確認日を学習カレンダーに固定するのが最も確実です。たとえば毎月第1日曜に要項と必携の版数を照合し、差分があれば翌週の演習10問を改定章に振り向ける、というルールを12週続けると計画のずれを抑えられます。,,
after-pass-procedure,注意点・更新,証券外務員試験合格後の登録手続きの流れ,証券外務員試験合格後の登録手続きを整理。合格発表後の連絡、所属会社経由の申請、日本証券業協会への登録確認を具体例付きで解説します。,証券外務員試験合格後の登録手続きを、合格発表から協会登録までの流れで整理します。たとえば合格発表後1週間以内に会社の人事・コンプライアンスへ連絡し、必要書類の提出スケジュールを確認する進め方も示します。,よくある誤解;制度・出題の改定;合格後の手続き;不合格後の立て直し;公式情報の優先,12,誤解;制度変更;合格後,証外マスター編集部,資格学習サイトの編集チーム,公式情報確認担当,公開前に一次情報との照合を行う担当者,2026-06-17,日本証券業協会（公式）|https://www.jsda.or.jp/,手書きリライト 2026-06-17。注意点・更新向けテンプレートから作成。公開前に本文・参照URL・関連リンクを差し替える。,本記事を読むと、合格後に誰に・いつ・何を提出するかが分かり、合格発表後2週間以内の手続きチェックリストを自分で組み立てられるようになります。,合格発表日と登録申請の期限を要項・社内規程で確認する;所属会社の人事・コンプライアンスへ合格を速やかに連絡する;必要書類の一覧を会社担当者から受け取る;身分証・写真データなどの提出物を期限前に揃える;登録完了後、社内の外務員研修スケジュールを確認する,試験要項・公式ページ更新時に本文と参照元を見直す。,2026-06-17,2026-06-29,2026-06-17,published,手書きリライト・具体例,合格発表後に最初にすること,合格発表後は、まず日本証券業協会の公式発表で自分の受験番号・結果を確認します。次に所属会社（証券会社・銀行等）の人事・コンプライアンス部門へ連絡し、社内の外務員登録手続きの窓口と期限を確認してください。たとえば合格発表の当日〜3日以内に連絡し、1週間以内に必要書類リストを受け取る流れが一般的です。手続きは個人だけで完結せず、所属機関経由が原則となるため、社内フローを最優先にします。,所属会社経由の申請,外務員の登録申請は、所属する金融商品取引業者等を通じて行うのが通常です。例えば会社から渡される申請書3枚・写真データ1点・提出期限14日以内をチェックリストで照合し、記入漏れがないか人事と突き合わせます。転職予定者は、合格時点の所属先と入社予定先のどちらで手続きするかを早めに人事に確認してください。期限を過ぎると登録が遅れ、業務に影響する場合があります。社内マニュアルと協会の案内の両方を一次情報として参照してください。,日本証券業協会への登録確認,登録の正本は日本証券業協会の制度・手続き案内です。一種・二種それぞれの登録区分、有効期限、更新手続きの要否は年度ごとに案内が更新されるため、合格直後に公式ページを保存してください。たとえば登録申請から完了まで2〜4週間かかる場合があるため、業務開始予定日から逆算して社内担当者とスケジュールを共有します。非公式の「登録は自動」とは限らないため、完了通知まで確認を続けてください。,必要書類とよくある漏れ,漏れやすいのは写真データの規格、身分証のコピー、受験番号の記載です。例えば申請書提出の3日前に、会社担当者と提出物を15分で突き合わせる最終確認を入れると、差し戻し率を下げやすくなります。実務研修や社内試験が別途ある場合は、登録手続きと並行してカレンダーに入れてください。書類不備で差し戻しになった場合の再提出期限（多くは7日以内）も、最初に確認しておくと安心です。,登録後の業務開始まで,登録完了後も、社内の外務員研修・コンプライアンス研修が続く場合があります。たとえば登録完了から7日以内に店頭業務へ配属される場合、勧誘規則・販売規則の社内ルールと試験100問で学んだ内容の差分をメモしておくと実務移行がスムーズです。試験勉強の誤答ノートは、実務で迷った論点の復習に転用できます。一種・二種の登録区分と実際の担当業務が一致しているかも、配属前に確認してください。,,,,,合格後、個人で協会に申請できますか？,原則は所属する金融商品取引業者等を通じた手続きです。たとえば合格発表後3日以内に人事へ連絡し、14日以内の提出期限をカレンダー登録すると遅れにくいです。転職中や所属先が未定の場合は、協会と社内規程の両方で手続き方法を確認してください。個人申請が可能かどうかは状況により異なるため、一次情報で判断します。,合格証明はどこでもらえますか？,合格発表の確認方法は、日本証券業協会の試験案内で当年度の案内に従ってください。例えばWeb照会で受験番号6桁を入力する方式や、書面交付など、年度で異なることがあります。社内手続きに必要な印刷・スクリーンショットの可否も、会社担当者に確認してください。保存期限がある場合は、合格発表当日にPDF保存する習慣が有効です。,exam-overview:試験概要,登録が遅れるとどうなりますか？,業務担当や配属開始に影響する場合があります。たとえば合格発表後1週間以内に社内連絡し、提出期限をカレンダー登録すると遅延リスクを下げられます。書類不備による差し戻しが最も多いため、写真規格と記入欄を事前にダブルチェックしてください。期限は会社と協会の案内が正本です。,,
affiliate-textbooks-recommend,独学対策,証券外務員試験のおすすめテキスト3選【2026年度版・独学】,証券外務員試験のおすすめテキスト3選を比較。うかる！・スッキリわかる・学習テキストを4分野·100問160分前提で比較。外務員必携との併用と購入順序を具体例付きで解説。,証券外務員試験の独学テキストは、外務員必携と併用する市販1冊が基本形です。一種100問160分·二種70問120分·CBT（要項で再確認）を前提に、うかる！必修テキスト·スッキリわかる·学習テキストの3冊を比較します。価格は執筆時点のAmazon税込参考です。購入前に販売ページで再確認してください。例えば残り16週なら、6月要項確認→7月テキスト1冊決定→8月から演習10問/週、が定番です。,16週逆算;4分野;必携+市販1冊;3冊比較;Amazon価格確認,26,独学;教材;学習計画;アフィリエイト,証外マスター編集部,資格学習サイトの編集チーム,公式情報確認担当,公開前に一次情報との照合を行う担当者,2026-06-17,日本証券業協会（公式）|https://www.jsda.or.jp/,手書きリライト 2026-06-17。独学対策向けテンプレートから作成。公開前に本文・参照URL・関連リンクを差し替える。,本記事を読むと、3テキストの向き不向きが分かり、たとえば残り16週で外務員必携と市販テキスト1冊を組み合わせた週8時間計画を設計できます。,日本証券業協会の要項で受験区分と問題数を1行メモする;外務員必携の版数を要項と照合する;7月上旬に3テキストから1冊を決める;週8時間を必携4h+市販テキスト4hに固定する;textbook-selectionで必携との役割分担を確認する,試験要項・公式ページ更新時に本文と参照元を見直す。,2026-06-17,2026-06-29,2026-06-17,draft,手書きリライト・具体例,テキスト選びの3基準（必携·章立て·区分）,"市販テキストは、外務員必携を置き換えるものではなく、理解を補助する1冊として選びます。選ぶ前に要項で一種／二種と問題数を確認し、次の3点で比較してください。たとえば残り16週·週8時間なら、平日60分必携+日曜3時間市販テキストが続きやすい配分です。

| 観点 | 確認内容 |
| --- | --- |
| 必携との役割 | 必携で条文·社内ルール、市販で図解·演習接続 |
| 受験区分 | 一種用·二種用·一種二種対応の別 |
| 演習接続 | 同系列の問題集へつながるか |

3冊同時購入は避け、1冊を第1周80％まで使ってから次を検討してください。",3冊の比較表（価格·特徴·向き不向き）,"比較表は価格だけでなく、解説の厚みと受験区分の一致で選びます。たとえば残り16週·週8時間なら、約2,500円前後の市販テキスト1冊と必携を半分ずつ使う配分が続きやすいです。執筆時点（2026-06-16）のAmazon税込参考です。購入前に再確認が必要です。

| テキスト | 出版社 | 税込参考 | 向いている人 |
| --- | --- | --- | --- |
| うかる！証券外務員一種 必修テキスト | 日経BP | 約2,530円 | 図表で丁寧に理解したい人 |
| スッキリわかる 証券外務員一種 | TAC出版 | 約2,420円 | イラスト·動画で学びたい人 |
| 証券外務員 学習テキスト 一種·二種対応 | ビジネス教育出版社 | 約2,750円 | 一種二種を1冊で押さえたい人 |

二種のみ受験の場合は、各シリーズの二種版·対応表記を販売ページで確認してください。",うかる！必修テキスト：図表で丁寧に,"うかる！証券外務員一種 必修テキスト（2025-2026年版）は、日経BPの定番シリーズで、図表と丁寧な解説が特徴です。4分野（金融商品取引法·勧誘·販売規則·金融商品·サービス·その他法令）を体系的に学びたい独学者向けです。

向いている人：金融業界未経験で基礎から入りたい人、必携の条文を図解で補強したい人。たとえば7月から平日30分×5で第1周を進め、8月から同系列の必修問題集へ移行する流れと相性がよいです。

注意点：一種版と二種版の別があります。受験区分に合った版を購入前に確認してください。",スッキリわかる：イラストと学習動画,"スッキリわかる 証券外務員一種（2025-2026年版）は、TAC出版のイラスト豊富なテキストで、学習フォロー動画が利用できます。活字が苦手な人や、通勤中にスマホで要点を確認したい人向けです。

向いている人：図解で直感的に理解したい人、TAC系列の問題集と章立てを揃えたい人。たとえば7月上旬にテキストを決定→9月からおすすめ問題集3選で週15問演習、の順が16週逆算と整合します。

うかる！との使い分け：解説の密度を重視するならうかる！、イラスト·動画を重視するならスッキリ、が目安です。",学習テキスト一種·二種対応：1冊で区分を共有,"証券外務員 学習テキスト 一種·二種対応は、一種と二種の共通範囲を1冊にまとめた日経BPのテキストです。会社の指示で区分が変わる可能性がある場合や、兄弟・同僚と教材を共有したい場合に検討の価値があります。

向いている人：区分が確定する前に学習を始める人、1冊でコストを抑えたい人。たとえば6月に要項確認→7月に本テキストで第1周→区分確定後に問題集を追加、という段階投入が現実的です。

区分が確定しているなら、一種専用·二種専用版の方が演習接続しやすい場合もあります。",,,,,外務員必携だけで足りますか？,必携は正本ですが、独学では市販テキスト1冊があると理解が進みやすいです。たとえば残り16週·週8時間で必携と市販テキストを半分ずつ使うと、4分野の第1周を試験2か月前に終えやすくなります。必携の版数は要項と必ず照合してください。テキスト選びはtextbook-selectionも参照してください。,一種用と二種用はどう選びますか？,会社のコンプライアンス担当が指定する区分に合わせます。例えば二種70問120分なら二種版または一種二種対応版を販売ページで確認し、100問160分の演習を混ぜないよう注意してください。区分変更の可能性がある場合のみ、一種二種対応版を検討するのが安全です。,textbook-selection:テキスト・外務員必携の選び方;study-plan:勉強計画の立て方;affiliate-problem-books:おすすめ問題集3選;study-plan:独学合格ロードマップ;https://www.jsda.or.jp/:日本証券業協会（公式）;https://www.amazon.co.jp/dp/4296050826/ref=nosim?tag=ue083093-22;https://www.amazon.co.jp/dp/4300119167/ref=nosim?tag=ue083093-22;https://www.amazon.co.jp/dp/4828311524/ref=nosim?tag=ue083093-22,いつ買うのがよいですか？,要項確認と必携の版数確認のあと、7月上旬までに1冊決定が目安です。たとえば6月に演習10問で弱点分野を把握し、7月にテキストを購入して第1周を開始する、という順が16週逆算と整合します。同時に3冊買わず、1冊80％使ってから次を検討してください。価格は購入前にAmazon販売ページで最新を確認してください。,,
affiliate-problem-books,独学対策,証券外務員試験のおすすめ問題集3選【一問一答·過去問2026】,証券外務員試験のおすすめ問題集3選を比較。うかる！必修問題集·スッキリ一問一答·ビジネス教育出版社問題集を演習量前提で解説。,証券外務員試験の問題集は、テキスト第1周後に1冊に絞るのが基本です。一種100問160分·二種70問120分を前提に、うかる！必修問題集·スッキリわかる一問一答·ビジネス教育出版社一種対策問題集の3冊を比較します。価格は執筆時点のAmazon税込参考です。購入前に販売ページで再確認してください。例えば残り12週なら、8月テキスト第1周→9月問題集1冊→月2回通し演習、が定番です。,12週逆算;テキスト後1冊;3冊比較;通し演習月2回;Amazon価格確認,26,独学;教材;学習計画;アフィリエイト,証外マスター編集部,資格学習サイトの編集チーム,公式情報確認担当,公開前に一次情報との照合を行う担当者,2026-06-17,日本証券業協会（公式）|https://www.jsda.or.jp/,手書きリライト 2026-06-17。独学対策向けテンプレートから作成。公開前に本文・参照URL・関連リンクを差し替える。,本記事を読むと、3問題集の演習量と向き不向きが分かり、たとえば残り12週でテキスト後に問題集1冊を固定する購入順序を設計できます。,テキスト第1周40％完了後に問題集1冊を決める;週15問以上の演習をカレンダーに固定する;誤答を4分類で記録し弱点分野に戻る;月2回の通し演習（100問160分または70問120分）を入れる;affiliate-textbooks-recommendでテキストと系列を揃える,試験要項・公式ページ更新時に本文と参照元を見直す。,2026-06-17,2026-06-29,2026-06-17,draft,手書きリライト・具体例,問題集を選ぶ3基準（演習量·系列·区分）,"問題集は「解く量」と「テキストとの系列一致」で選びます。テキスト第1周前に問題集だけ増やすと分析が難しくなるため、たとえば8月末にテキスト40％到達後、9月7日頃に1冊決定が定番です。

| 観点 | 確認内容 |
| --- | --- |
| 演習量 | 週15問以上を継続できる分量か |
| 系列 | テキストと同出版社·同シリーズか |
| 形式 | 一問一答か過去問形式か |

当サイトの無料演習と併用し、分野別正答率を週次で記録してください。",3冊の比較表,"たとえば残り12週なら、週15問以上を継続できる分量の1冊に絞るのが基本です。執筆時点（2026-06-16）のAmazon税込参考です。購入前に再確認が必要です。

| 問題集 | 特徴 | 向いている人 |
| --- | --- | --- |
| うかる！証券外務員一種 必修問題集 | テキスト対応·頻出演習 | うかる！テキスト使用者 |
| スッキリわかる 証券外務員一種 一問一答 | 短問ドリル·イラスト | TACテキスト使用者 |
| 証券外務員一種対策問題集（ビジネス教育） | 過去問形式中心 | 通し演習前の演習量確保 |

二種受験者は各シリーズの二種版を販売ページで確認してください。",うかる！必修問題集,"うかる！証券外務員一種 必修問題集（2025-2026年版）は、必修テキストと章立てが対応する演習冊です。頻出論点を演習で押さえ、計算·数字問題にも慣れたい人向けです。

向いている人：うかる！テキストで第1周した人、解説の厚みを重視する人。たとえば9月から週15問·日曜60分解説読み込み、10月から月2回の100問160分通し演習、の流れが12週逆算と整合します。誤答は4分類（知識不足·読み違い·計算·ケアレス）で記録すると弱点分野に戻りやすいです。",スッキリわかる一問一答,"スッキリわかる 証券外務員一種 一問一答問題集は、短問形式で演習回転数を上げやすいTAC出版の問題集です。通勤スキマで3問×往復、週末にまとめて解説確認、という使い方と相性がよいです。

向いている人：スッキリテキスト使用者、演習回数を優先したい人。たとえば平日通勤30分で5問、土曜90分で10問、を8週続けると週15問以上が確保できます。一問一答は金融商品取引法·勧誘規則など弱点分野に絞って回すと効率が上がります。",ビジネス教育出版社·通し演習前の演習量,"2025-2026 証券外務員 一種 対策問題集（ビジネス教育出版社）は、過去問形式に近い演習量を確保したい人向けの選択肢です。テキスト系列が異なるため、うかる！·TACと併用する場合は解き方の差に注意してください。

向いている人：演習量最優先·通し100問160分の練習を早めに始めたい人。たとえば10月7日と11月4日に100問160分通し演習を入れ、時間配分データを取る用途に適します。テキスト系列が異なるため、解き方の差は誤答ノートにメモしておくと復習が楽です。",,,,,問題集はいつ買いますか？,テキスト第1周の40％到達後、9月7日頃までが目安です。たとえば8月に金融商品取引法と勧誘規則を終え、9月に問題集で週15問を開始する、という順が12週逆算と整合します。テキストと出版社を揃えると復習が楽です。,一問一答と過去問形式の違いは？,一問一答は短時間で回転数を上げ、過去問形式は本番の通し感覚に近いです。例えば残り12週なら、前半は一問一答で週15問、後半は月2回通し演習、という併用が現実的です。どちらか1冊に絞り、3冊同時は避けてください。,affiliate-textbooks-recommend:おすすめテキスト3選;past-question-strategy:過去問・模試の使い方;past-question-strategy:模擬試験の活用法;exam-day-flow:時間配分と制限時間演習;https://www.amazon.co.jp/dp/4296050840/ref=nosim?tag=ue083093-22;https://www.amazon.co.jp/dp/4300119167/ref=nosim?tag=ue083093-22;https://www.amazon.co.jp/dp/4828311531/ref=nosim?tag=ue083093-22,当サイトの演習だけで足りますか？,弱点把握と分野別演習には有効ですが、本番形式の演習量は問題集1冊があると安心です。たとえば当サイトで分野別10問→問題集で週15問→月2回通し、の三段階が16週計画と整合します。無料演習は通し前の現在地計測に活用してください。,,
affiliate-mock-exam-materials,過去問活用,証券外務員試験のおすすめ模試・直前問題集3選【2026】,証券外務員試験のおすすめ模試·直前問題集3選を比較。TACスーパー予想模試·うかる！直前対策·過去問形式問題集を通し演習前提で解説。,証券外務員試験の直前対策は、通し演習と予想模試で本番形式に慣れるのが効果的です。一種100問160分·二種70問120分を前提に、TACスーパー予想模試·うかる！直前チェック·ビジネス教育出版社問題集の3冊を比較します。価格は執筆時点のAmazon税込参考です。購入前に販売ページで再確認してください。例えば残り8週なら、9月通し演習2回→10月模試1回→直前2週は解き直し90％、が定番です。,8週逆算;通し2回;模試1回;解き直し90％;Amazon価格確認,30,過去問;模試;復習;アフィリエイト,証外マスター編集部,資格学習サイトの編集チーム,公式情報確認担当,公開前に一次情報との照合を行う担当者,2026-06-17,日本証券業協会（公式）|https://www.jsda.or.jp/,手書きリライト 2026-06-17。過去問活用向けテンプレートから作成。公開前に本文・参照URL・関連リンクを差し替える。,本記事を読むと、模試·直前問題集の役割分担が分かり、残り8週で通し演習2回と模試1回を組み込んだ直前計画を設計できます。,9月と10月に通し演習を月1回ずつ入れる;模試は得点より配分データを記録する;直前2週は新規教材を止め解き直しに集中する;誤答ノート上位20問を毎日5問ずつ回す;affiliate-problem-booksで通常問題集と役割分担する,試験要項・公式ページ更新時に本文と参照元を見直す。,2026-06-17,2026-06-29,2026-06-17,draft,手書きリライト・具体例,模試·直前問題集の位置づけ,"模試·直前問題集は、テキスト·通常問題集の後に置くのが基本です。たとえば残り8週なら、9月·10月に通し演習各1回、11月に予想模試1回、直前2週は解き直し90％、という比率が現実的です。

| 時期 | 教材 | 目的 |
| --- | --- | --- |
| 9〜10月 | 通常問題集+通し | 分野別弱点の把握 |
| 11月 | 予想模試 | 本番形式·配分確認 |
| 直前2週 | 誤答ノート | 再発防止 |

新規教材の追加は試験4週前に止め、時間配分の再現に集中してください。",3冊の比較表,"たとえば残り8週なら、通し演習2回と予想模試1回に絞り、直前2週は解き直し90％が定番です。執筆時点（2026-06-16）のAmazon税込参考です。購入前に再確認が必要です。

| 教材 | 形式 | 向いている人 |
| --- | --- | --- |
| TACスーパー予想模試 証券外務員一種 | 予想3回分 | 直前の通し仕上げ |
| うかる！直前チェック（系列） | 短問·直前総復習 | うかる！系列使用者 |
| ビジネス教育 一種対策問題集 | 過去問形式 | 演習量を増やしたい人 |

二種受験者は二種版の有無を販売ページで確認してください。",TACスーパー予想模試,"試験をあてる TACスーパー予想模試 証券外務員一種は、本番形式の予想問題で通し演習の仕上げに使う定番です。得点より、50問·75問時点の残り時間と未解答数の記録が目的です。

向いている人：テキスト·問題集を終え、本番2〜4週前に通し感覚を固めたい人。たとえば11月3日に100問160分を実施し、誤答を24時間以内に4分類すると配分改善が見えやすくなります。50問時点の残り時間と未解答数を記録すると、本番の配分改善に直結します。",うかる！直前·短問での総仕上げ,"うかる！シリーズの直前対策·短問形式の問題集は、通し演習の合間に弱点分野を短時間で回す用途に適します。必修テキスト·問題集と系列を揃えている人向けです。

向いている人：残り4週で用語·数字の穴を埋めたい人。たとえば平日20分×5日で直前チェック10問、土曜に70問120分通し演習、の併用が8週逆算と整合します。直前チェックは誤答ノート上位20問から毎日5問ずつ回すと再発防止に効きます。",通し演習と解き直しの割合,直前8週は、通し演習2回·模試1回·解き直し90％の比率を目安にします。例えば9月7日と10月5日に100問160分通し、11月2日に予想模試、11月16日以降は誤答ノート上位20問だけを毎日5問ずつ回します。新規章のインプットは試験4週前に停止し、睡眠7時間を最優先にしてください。配分表が通し演習で再現できたかを、模試の得点より重視します。二種70問120分の受験者も、同じ比率で通し回数を調整してください。,,,,,模試は必須ですか？,必須ではありませんが、本番形式の時間配分には有効です。たとえば問題集だけでも通し100問160分を月2回入れれば、多くの場合は配分練習は足ります。予想模試は仕上げの1回で十分なことが多いです。直前2週は解き直しに寄せてください。,直前に何を買いますか？,新規購入は試験4週前に止め、手持ちの問題集·模試で通し演習を優先します。例えば11月に予想模試1冊だけ追加し、12月は誤答解き直しのみ、という最小構成が現実的です。価格は購入前にAmazonで確認してください。,affiliate-problem-books:おすすめ問題集3選;final-day-checklist:直前1週間の勉強法;exam-day-flow:当日の流れと時間配分;past-question-strategy:模擬試験の活用法;https://www.amazon.co.jp/dp/4300119181/ref=nosim?tag=ue083093-22;https://www.amazon.co.jp/dp/4296050840/ref=nosim?tag=ue083093-22;https://www.amazon.co.jp/dp/4828311531/ref=nosim?tag=ue083093-22,当サイトの演習で代用できますか？,分野別演習と解き直しには有効です。本番の100問160分一体感は、市販の予想模試または問題集の通し演習で補うのがおすすめです。たとえば当サイトで弱点分野10問→市販模試で通し、の併用が8週直前計画と整合します。,,
