question_no,type,category,tags,stem,preamble,statement_a,statement_b,statement_c,statement_d,choice_1,choice_2,choice_3,choice_4,correct,explanation,explanation_summary,explanation_correct,explanation_choices,explanation_point,is_invalidated,choice_5
1,marubatsu,金融商品・サービス,二種;〇×;有価証券;金融商品,有価証券には、預金も含まれる。,,,,,,正しい,誤っている,,,2,金商法第2条の有価証券は株式・債券・投信受益権などが中心で、銀行預金や保険契約は別枠組みです。,預金は有価証券の外。,正答は「誤っている」です。金商法第2条の有価証券は株式・社債・投資信託の受益権などが典型例であり、銀行預金は銀行法上の預金契約で、ここには含まれません。窓口で扱う金融商品がすべて有価証券になるわけではない点が、本問の判断の軸です。,1:預金は銀行法上の預金契約であり、金商法第2条の有価証券（株式・債券・受益権など）には含まれません。問題文は誤りなので「正しい」は選べません。,窓口で「投信と定期預金は同じですか」と聞かれたら、まず有価証券該当性から答えられるようにしておきましょう。,,
2,marubatsu,金融商品・サービス,二種;〇×;株式;金融商品,株式は、元本が保証されている。,,,,,,正しい,誤っている,,,2,株式は会社への出資を表し、満期償還や元本保証の仕組みはありません。価格変動リスクは投資家側に残ります。,株に元本保証はない。,正答は「誤っている」です。株式は会社への出資持分を表すもので、満期に元本が返る仕組みや元本保証はありません。配当の有無・額も会社の意思と業績次第です。社債のように契約に基づき償還を請求できる債権とは性質が異なります。,1:株式は出資持分であり、満期償還や元本保証の仕組みはありません。社債のように返済が約束される商品ではないため、「正しい」は誤りです。,株と社債を並べたとき、右側に「償還請求権」「元本非保証」を書けるか確認してみてください。,,
3,marubatsu,勧誘・販売規則,二種;〇×;適合性の原則;勧誘,重要事項説明があれば、適合性の原則による確認は不要である。,,,,,,正しい,誤っている,,,2,第37条は判断材料の提供、第40条は勧誘の適否の判断です。説明したからといって適合性確認が消えるわけではありません。,37条と40条は別レイヤー。,正答は「誤っている」です。第37条の重要事項説明は、商品のリスクや手数料など判断材料を伝える義務です。一方、第40条の適合性の原則は、顧客の知識・経験・財産・目的に照らして勧誘してよいかを別途確認する要件です。説明が済んだからといって、適合性の確認まで不要になるわけではありません。,1:第37条の説明があっても、第40条の適合性による勧誘判断は別途必要です。顧客状況に合わない勧誘はできないため、「正しい」は当たりません。,メモ帳に「37＝何を伝えるか」「40＝勧めてよいか」の2行だけ書き、声に出してみてください。,,
4,marubatsu,勧誘・販売規則,二種;〇×;自己責任原則;勧誘,自己責任原則により、金融商品取引業者は重要事項説明義務を負わない。,,,,,,正しい,誤っている,,,2,投資の結果は投資家の責任ですが、それは業者の説明義務や勧誘の適正義務をなくす意味ではありません。,自己責任≠説明不要。,正答は「誤っている」です。自己責任原則は、投資の結果（損益）の負担先が投資家側にあることを示すものです。それは業者が重要事項説明義務を負わない、勧誘の適正義務がなくなる、という意味ではありません。損失を保証しないことと、必要な情報を提供することは両立します。,1:自己責任原則は損失の負担先を示すもので、重要事項説明義務を免除するものではありません。説明なしで販売できるわけではないので「正しい」は誤りです。,顧客に「損しても補填しません」と伝える場面と、「リスクを説明する」場面は、別の会話として切り分けて練習しましょう。,,
5,marubatsu,金融商品取引法,二種;〇×;一般投資家;金商法,一般投資家は、特定投資家・プロの投資家以外の投資家区分である。,,,,,,正しい,誤っている,,,1,一般投資家は3区分のうち保護規制が最も手厚く、特定・プロ以外に当てはまる区分です。,一般＝残りの区分。,正答は「正しい」です。投資家区分は一般投資家・特定投資家・プロの投資家の3区分に整理され、法令上、特定投資家やプロの投資家の要件を満たさない投資家は一般投資家に当てはまります。書面交付や適合性確認の対象になりやすい、保護水準の高い区分です。,2:一般投資家は特定投資家・プロの投資家以外に当てはまる区分という法令の定義どおりの記述です。「誤っている」とすると3区分の整理自体を否定することになります。,一般・特定・プロを縦に並べ、書面要件の厳しさがどう変わるか矢印で書いてみてください。,,
6,marubatsu,金融商品取引法,二種;〇×;第二種外務員;金商法,第二種外務員は、主として店頭における外務業務に従事する外務員である。,,,,,,正しい,誤っている,,,1,第二種外務員は店頭での外務業務を中心に担当する登録種別で、二種業の現場イメージに近いです。,二種外務員＝店頭中心。,正答は「正しい」です。第二種外務員は、主として店頭における外務業務（窓口での商品説明・受注など）に従事する外務員種別として定義されています。所属する金融商品取引業者の登録業務の範囲内で行う点は別途押さえますが、問題文の記述は定義どおりです。,2:第二種外務員は店頭における外務業務を主とする外務員種別として定義されています。「誤っている」とするのは定義と合いません。,所属業者の登録業務と、自分の外務員種別をセットで言えるか、口頭で30秒説明してみてください。,,
7,marubatsu,その他法令・業務,二種;〇×;クーリング・オフ;金販法,クーリング・オフは、契約成立後一定期間内に無条件で契約を解除できる制度である。,,,,,,正しい,誤っている,,,1,クーリング・オフは契約後に顧客が一定期間、無条件で解除できる消費者保護の仕組みです（金販法など）。,成立後の無条件解除。,正答は「正しい」です。クーリング・オフは、契約成立後、法令で定められた一定期間内に、顧客が無条件で契約を解除できる制度です。訪問販売・電話勧誘など、冷静な判断が難しい場面での消費者保護を目的とし、金融商品の販売では金販法などに根拠があります。,2:クーリング・オフは契約成立後一定期間に顧客が無条件で解除できる制度です。金販法などに根拠がある正しい記述なので「誤っている」は選べません。,同じ投信販売でも「契約前に伝えること」と「契約後に使える権利」を、時系列の紙1枚に並べてみましょう。,,
8,marubatsu,その他法令・業務,二種;〇×;顧客の利益保護;金商法,顧客の利益保護のため、金融商品取引業者は投資結果を保証しなければならない。,,,,,,正しい,誤っている,,,2,顧客保護は情報提供・適合性・資産管理などのプロセスで実現するもので、運用損失の補填を意味しません。,保護は手続きで、損失補填ではない。,正答は「誤っている」です。顧客保護は、重要事項の説明、適合性の確認、分別管理、信託保全などの手続を通じて、誤った判断や不正を防ぐことを意味します。投資の運用結果について業者が損失を補填・保証しなければならない、という趣旨ではありません。,1:顧客保護は情報提供・適合性・分別管理などの手続で実現するもので、投資損失の補填を業者に課すものではありません。「正しい」は金商法の趣旨と矛盾します。,損失が出た顧客への説明で、「なぜ保証されないのか」と「業者が何をしていたか」を分けて話せるか確認してください。,,
9,single,金融商品・サービス,二種;五肢;投資信託;金融商品,投資信託に関する次の記述のうち、正しいものはどれか。,,,,,,投資信託の受益権は、有価証券に該当しない。,投資信託は、投資家の資金を一括して運用し、受益権を持つ投資家に分配する仕組みである。,投資信託の元本は、委託会社が保証する。,投資信託の受益権は、預金と同一の扱いである。,2,投信は多くの投資家の資金をまとめて運用し、その持分が受益権として表示されます。,集合運用・受益権。,正答は（2）です。『投資家の資金を一括して運用し、受益権を持つ投資家に分配する仕組み』は、投資信託の基本構造を正しく表しています。多くの投資家の金銭を信託し、運用会社が一括運用し、その成果が受益権者に還元される点が投信の骨格です。受益権は金商法上の有価証券であり、元本保証や預金同等ではありません。,1:投資信託の受益権は金商法第2条上の有価証券に該当します。「該当しない」とする（1）は法令の定義と逆であり、本問「正しいもの」の正答（2）には当たりません。;3:投資信託の元本は運用結果で上下し、委託会社が保証するものではありません。「委託会社が保証する」とする（3）は元本非保証の原則と矛盾する誤りです。;4:受益権は金商法の有価証券、預金は銀行法上の商品であり、規制枠組みも保護内容も異なります。「預金と同一の扱い」とする（4）は商品区分を取り違えた誤りです。;5:分配金の額はファンドの運用状況・分配方針により変動し、毎年同額が支払われるわけではありません。「必ず毎年同額」とする（5）は運用実態と合わない誤りです。,投信を勧める前に、受益権の性質・元本非保証・預金との違いの3点を30秒で説明できるか試してください。,,投資信託は、必ず毎年同額の分配金が支払われる。
10,single,勧誘・販売規則,二種;五肢;重要事項説明;勧誘,重要事項説明に関する次の記述のうち、誤っているものはどれか。,,,,,,顧客の判断に必要な重要事項を説明する義務である。,金商法第37条に関連する規制である。,説明があれば、投資結果を業者が保証できる。,リスクや手数料なども説明対象となり得る。,3,重要事項説明は顧客が判断するための情報提供であり、結果の保証にはつながりません。,説明あっても結果保証なし。,正答は（3）です。重要事項説明は、顧客が投資判断を行うために必要な商品のリスク・手数料等を伝える義務（第37条）であり、その趣旨は正しく理解されています。しかし、説明を行ったからといって投資結果を業者が保証できるわけではなく、損益は投資家の自己責任に帰します。この肢だけが説明義務と結果の保証を混同しています。,1:重要事項説明は顧客の判断に必要な情報を提供する義務であり、記述どおり正しい内容です。「誤っているもの」として選ぶ正答（3）にはなりません。;2:金商法第37条が根拠である点は法令の整理として妥当です。誤った記述ではないため、本問の正答には当たりません。;4:リスクや手数料も説明対象となり得る点は37条の趣旨と合致します。誤りではないので「誤っているもの」には選べません。;5:自己責任原則と矛盾しない考え方であり、説明義務と結果の負担先を分けた正しい理解です。投資結果を業者が保証できるわけではない点が、誤りである正答（3）との決定的な違いです。,37条説明のチェックリストを作るとき、「保証しないこと」も顧客に伝える一文を入れておくと実務に近づきます。,,自己責任原則と矛盾するものではない。
11,marubatsu,金融商品・サービス,二種;〇×;社債;債券,社債は、満期に元本の償還を受ける権利を有する。,,,,,,正しい,誤っている,,,1,社債は会社に対する金銭債権であり、契約に基づき満期に元本償還を請求できます。,社債＝満期償還の債権。,正答は「正しい」です。社債は会社が発行する債券であり、社債権者は発行条件に基づき満期に元本の償還を請求する権利を有します。一方、発行会社の信用状況によっては支払不能（デフォルト）となるリスクがあり、『必ず払われる保証』とは区別して理解する必要があります。,2:社債は満期に元本償還を請求できる債権であり、契約に基づく返済権利があります。発行体の信用リスクはあっても、償還請求権自体は社債の基本です。「誤っている」は当たりません。,社債を勧めるとき「返ってくる権利はあるが、必ず払われる保証ではない」と言い換えられるか練習しましょう。,,
12,marubatsu,金融商品・サービス,二種;〇×;ETF;投資信託,ETFの受益権は、取引所で売買できる。,,,,,,正しい,誤っている,,,1,ETFは上場投資信託で、受益権を取引所で日中売買できます。,ETFは市場で日中売買。,正答は「正しい」です。ETF（上場投資信託）は、投資信託の受益権を有価証券として取引所に上場させ、株式と同様に板寄せ・成行・指値で日中売買できる商品です。一般投信の1日1回の申込・解約とは価格の決まり方も取引の仕方も異なります。,2:ETFの受益権は有価証券として上場し、取引所で日中売買できます。一般投信の1日1回申解とは異なる点です。「誤っている」は誤りです。,同じ投信でも「口座で1日1回申解」と「上場して板で売買」の違いを、具体商品名1つずつ当てはめてみてください。,,
13,marubatsu,勧誘・販売規則,二種;〇×;特定投資家;投資家区分,特定投資家は、一般投資家より勧誘・販売規制が緩和される面がある。,,,,,,正しい,誤っている,,,1,特定投資家は一定の資産・知識等の要件を満たす区分で、一般投資家より規制が緩和される面があります。,特定＝要件あり・緩和あり。,正答は「正しい」です。特定投資家は、一定の純資産・金融資産・知識経験等の要件を満たす投資家区分であり、一般投資家に比べて契約締結前交付書面の省略など、勧誘・販売に関する規制が緩和される面があります。不適当な勧誘の禁止など、必要な保護がゼロになるわけではありません。,2:特定投資家は資産・知識等の要件を満たす区分で、一般投資家より勧誘・販売規制が緩和される面があります。「誤っている」は法令の整理と合いません。,区分変更の手続を調べるとき、一般→特定へ移る要件と、緩和される書面の差を1行ずつメモしてみましょう。,,
14,marubatsu,勧誘・販売規則,二種;〇×;契約締結前交付書面;勧誘,契約締結前交付書面は、契約成立後に交付すればよい。,,,,,,正しい,誤っている,,,2,契約締結前交付書面は、契約の前に商品概要やリスク等を書面で渡す制度です。,前書面は契約前。,正答は「誤っている」です。契約締結前交付書面は、名称が示すとおり契約成立前に、商品の概要・リスク・手数料等を記載した書面を顧客に交付する制度です。成立後に渡せば足りる、という記述は交付時点を誤っており、契約締結時交付書面とも別の書面です。,1:契約締結前交付書面は名称のとおり契約成立前に交付する制度です。成立後で足りると読むのは時点の誤りなので、「正しい」は選べません。,契約の流れを左から右へ書き、「前書面→説明→契約→時書面」の順を指でなぞって確認してください。,,
15,marubatsu,金融商品取引法,二種;〇×;第二種金融商品取引業;金商法,第二種金融商品取引業は、有価証券の売買の媒介・代理等を行う業態である。,,,,,,正しい,誤っている,,,1,第二種金融商品取引業は、顧客の委託に基づく売買の媒介・代理などが中心の業態です。,二種業＝仲介が中心。,正答は「正しい」です。第二種金融商品取引業は、顧客の委託に基づき、有価証券等の売買の媒介・代理等を行う業態として金商法に定められています。新株の引受や自己の計算による売買を中心とする第一種業とは業務範囲が異なり、二種外務員試験の中核的な定義です。,2:第二種金融商品取引業は有価証券の売買の媒介・代理等を行う業態として定められています。二種受験の中核となる正しい定義です。「誤っている」は外します。,銀行窓口の投信販売と証券会社の注文執行を、それぞれ二種業のどの業務に当たるか一言で言えますか。,,
16,marubatsu,金融商品取引法,二種;〇×;インサイダー取引;金商法,未公開重要事実を知りながら行う有価証券等の取引は、原則として禁止される。,,,,,,正しい,誤っている,,,1,未公開重要事実を知った状態での有価証券等の取引は、第166条等により原則禁止されます。,未公表の事実＋取引は原則NG。,正答は「正しい」です。未公開重要事実を知りながら行う有価証券等の取引は、まだ公表されていない重要情報を利用して不公平な取引を行うことになるため、金融商品取引法第166条等により原則禁止されています。適時開示等で公表済みの情報を使った通常の売買まで禁止されるわけではありません。,2:未公開重要事実を知りながら行う有価証券等の取引は、第166条等により原則禁止されます。インサイダー規制の骨子どおりの記述です。「誤っている」は当たりません。,ニュースで決算修正が報じられた翌日の売買と、公表前に役員が売ったケースを、紙に2行で書き分けてみてください。,,
17,marubatsu,その他法令・業務,二種;〇×;分別管理;顧客資産,金融商品取引業者は、顧客の金銭・有価証券を自己の財産と混同して管理してはならない。,,,,,,正しい,誤っている,,,1,第43条により、業者は顧客の金銭・有価証券を自己財産と混同して管理してはなりません。,顧客資産は混同禁止。,正答は「正しい」です。金融商品取引業者は第43条により、顧客から預かった金銭・有価証券を自己の財産と混同して管理してはなりません。預かり金銭にはさらに信託保全が適用され、顧客資産が会社の自己資産と明確に区分されて保護されます。,2:第43条により顧客の金銭・有価証券を自己財産と混同して管理することは禁止されています。分別管理の基本です。「誤っている」は誤りです。,「お預かりしたお金は会社のお金ではない」と顧客に説明するとき、分別管理と信託保全のどちらの話か意識してみましょう。,,
18,marubatsu,その他法令・業務,二種;〇×;反社会的勢力排除;コンプライアンス,反社会的勢力排除は、証券会社にとって任意の社内ルールにすぎない。,,,,,,正しい,誤っている,,,2,反社会的勢力排除は日証協規則等で体制整備が求められる必須のコンプライアンス項目です。,反社排除は必須体制。,正答は「誤っている」です。反社会的勢力排除は、日本証券業協会規則等により、取引開始前の照会、社内体制の整備、研修・点検などが求められる必須のコンプライアンス事項です。会社が任意で採用するかどうかを自由に決められる社内ルールの程度のものではありません。,1:反社会的勢力排除は日証協規則等で体制整備が求められる必須のコンプライアンス項目です。任意の社内ルールにすぎないとするのは制度の位置づけを誤って軽く読んでいます。,口座開設時に確認する書類と、反社チェックがどの段階で走るか、社内フロー図を思い浮かべてください。,,
19,single,金融商品・サービス,二種;五肢;社債;債券,社債に関する次の記述のうち、誤っているものはどれか。,,,,,,社債は有価証券に該当する。,社債保有者は、満期に元本の償還を請求できる。,社債の元本と利息は、発行会社により法的に保証される。,転換社債は、一定条件で株式に転換できる場合がある。,3,社債は返済義務はあっても、支払不能（デフォルト）のリスクがあり、元本・利息が法的に保証されるわけではありません。,返済義務≠支払保証。,正答は（3）です。『社債の元本と利息は、発行会社により法的に保証される』は誤りです。社債権者は満期に償還を請求する権利（返済義務）はありますが、発行会社の信用悪化により支払不能となるリスクがあり、元本・利息が法的に保証されるわけではありません。,1:社債は金商法上の有価証券の典型例であり、記述は正しいです。「誤っているもの」を選ぶ本問で正答（3）にはなりません。;2:社債保有者は満期に元本償還を請求できる点は債権の基本であり、正しい記述です。誤りではないため正答には当たりません。;4:転換社債は条件次第で株式に転換できる場合があり、社債の派生形態として正しい記述です。正答（3）の「法的保証」とは別論点です。;5:社債は債権者の地位を表し、株式のような出資者地位ではない点は正しい区別です。誤った記述ではありません。,社債の説明で「会社は返済義務を負うが、必ず払えるとは限らない」の一文を自然に言えるか試してください。,,社債は株式と異なり、出資者としての地位を表すものではない。
20,single,勧誘・販売規則,二種;五肢;契約締結前交付書面;勧誘,契約締結前交付書面に関する次の記述のうち、正しいものはどれか。,,,,,,契約成立後に交付すれば足りる。,重要事項説明があれば、交付は不要である。,契約締結前に、商品の概要・リスク等を記載した書面を交付する。,契約締結時交付書面と同一の書面である。,3,締結前書面は、契約前に商品の概要・リスク等を記載した書面を顧客に渡す制度です。,前書面＝契約前の書面。,正答は（3）です。『契約締結前に、商品の概要・リスク等を記載した書面を交付する』が、契約締結前交付書面の趣旨どおりの記述です。顧客が契約の内容を十分理解したうえで意思決定できるよう、契約成立前の段階で書面を渡し、記載内容を確認してもらう制度です。,1:「契約成立後に交付すれば足りる」は前書面の時点を誤っています。本問は「正しいもの」を選ぶ設問なので、この肢は正答になりません。;2:重要事項説明（第37条）があっても、契約締結前交付書面の交付は別の法定要件です。「交付は不要」とする記述は正しくありません。;4:契約締結時交付書面は締結の場面で確認する別制度であり、前書面と同一の書面ではありません。同一であるとするのは誤りです。;5:特定投資家でも書面交付要件は完全にゼロではなく、区分により軽減されるにすぎません。「一切交付不要」は誤った記述です。,前書面と時書面を、それぞれ「いつ・何を・誰に」で2行ずつ書き比べてみましょう。,,特定投資家には一切交付不要である。
21,marubatsu,金融商品・サービス,二種;〇×;転換社債;債券;standard,転換社債は、転換権を行使するまでは社債としての性質を有する。,,,,,,正しい,誤っている,,,1,転換権を行使する前の転換社債は、利息・償還請求権など社債としての側面が中心です。,転換前は社債性。,正答は「正しい」です。転換社債は、転換権を行使するまでは利息の受取や満期償還の請求など、社債としての性質を有します。転換権を行使すると株式に転換されますが、行使前の段階では社債（債券）として扱われる点が本問の要点です。,2:転換社債は転換権行使前は利息・償還請求権など社債としての性質を有します。転換後は株式に近づきますが、行使前の社債性は正しいです。「誤っている」は外します。,CBを勧めるとき、転換前は債券・転換後は株式に近づく、と顧客にどう説明するか30秒で練習してみてください。,,
22,marubatsu,金融商品・サービス,二種;〇×;投資信託;基準価額;standard,投資信託の基準価額は、原則として毎営業日算定される。,,,,,,正しい,誤っている,,,1,一般投信の基準価額は、原則として毎営業日に算定され、申込・解約の価格の基礎になります。,一般投信は毎営業日算定。,正答は「正しい」です。一般の投資信託（追加型・単位型など）の基準価額は、原則として毎営業日に信託財産の純資産総額を受益権口数で除して算定され、申込・解約の価格の基礎となります。ETFのように市場価格で日中売買する商品とは算定の仕方が異なります。,2:一般投信の基準価額は原則毎営業日に算定され、申込・解約の価格の基礎になります。「誤っている」は運用の基本と合いません。,申込日と約定日の基準価額がいつ確定するか、商品説明書の1ファンドで実際に追ってみましょう。,,
23,marubatsu,勧誘・販売規則,二種;〇×;プロの投資家;投資家区分;standard,プロの投資家であっても、不適当な勧誘を行ってはならない場合がある。,,,,,,正しい,誤っている,,,1,プロの投資家であっても、状況によっては不適当な勧誘の禁止などが適用され得ます。,プロでも勧誘規制は残る。,正答は「正しい」です。プロの投資家は保護規制が最も緩和される区分ですが、顧客の知識・経験・財産・目的に照らして明らかに不適当な勧誘を行ってはならない、といった趣旨の規制は、区分にかかわらず適用され得ます。緩和を『すべての規制の免除』と読むのは誤りです。,2:プロの投資家であっても、状況によっては不適当な勧誘の禁止などが適用され得ます。区分による緩和を全免除と読む誤りは別肢の論点ですが、本記述自体は正しいので「誤っている」は選べません。,プロ顧客に勧めるとき、一般客と省略できる手続と、省略できない手続を2列で書き出してみてください。,,
24,marubatsu,勧誘・販売規則,二種;〇×;契約締結時交付書面;勧誘;standard,契約締結前交付書面と契約締結時交付書面は、いずれも契約成立後に交付すれば足りる。,,,,,,正しい,誤っている,,,2,前書面は契約前、時書面は契約締結の場面で確認する書面であり、いずれも成立後だけで足りるわけではありません。,前＝前、時＝締結時。,正答は「誤っている」です。契約締結前交付書面は契約成立前に、契約締結時交付書面は契約を締結する場面で、それぞれ異なる時点で確認・交付が必要です。いずれも『契約成立後に交付すれば足りる』わけではなく、2つをまとめて後ろ倒しにする記述は時点の誤りです。,1:前書面は契約前、時書面は締結時に確認する書面であり、いずれも成立後だけで足りるわけではありません。2つをまとめて後ろ倒しにするのは時点の誤りです。,契約当日のタイムラインに、前書面・37条説明・契約・時書面を時刻付きで並べる練習が効きます。,,
25,marubatsu,金融商品取引法,二種;〇×;第一種金融商品取引業;業種;standard,第二種金融商品取引業者は、原則として有価証券の引受を行うことができる。,,,,,,正しい,誤っている,,,2,有価証券の引受は第一種金融商品取引業の典型業務で、第二種業の範囲外です。,引受は一種業。,正答は「誤っている」です。有価証券の引受（新株・社債等を発行会社から引き受けて売り出す業務）は、第一種金融商品取引業の典型業務であり、第二種金融商品取引業者が原則として行える業務ではありません。二種業は顧客の委託に基づく媒介・代理が中心です。,1:有価証券の引受は第一種金融商品取引業の典型業務です。第二種業者が原則引受できるとするのは業種の範囲を超えた誤りなので、「正しい」は当たりません。,仲介・引受・自己売買の3語を、一種業と二種業の列に振り分けて白紙に書いてみましょう。,,
26,marubatsu,金融商品取引法,二種;〇×;第一種外務員;外務員;standard,第一種外務員は、所属する金融商品取引業者の登録業務の範囲内で外務業務に従事する。,,,,,,正しい,誤っている,,,1,外務員は種別が広くても、所属業者の登録業務の範囲を超える行為はできません。,外務員は登録範囲内。,正答は「正しい」です。第一種外務員であっても、所属する金融商品取引業者の登録業務の範囲内で外務業務に従事する必要があります。外務員の種別が広いからといって、業者の登録を超える業務（例：登録のない引受業務）を行えるわけではありません。,2:第一種外務員も所属業者の登録業務の範囲内で外務業務に従事します。外務員種別が広くても業者登録を超える行為はできません。「誤っている」は定義と合いません。,自分の外務員種別と、会社の登録業務を、口頭で10秒ずつ説明できるか確認してください。,,
27,marubatsu,その他法令・業務,二種;〇×;信託保全;顧客資産;standard,信託保全は、投資元本の値動きによる損失を補填する制度である。,,,,,,正しい,誤っている,,,2,信託保全は顧客金銭の保管・返還を守る制度であり、ファンドの値動きによる損失を埋め合わせるものではありません。,信託保全≠運用損の補填。,正答は「誤っている」です。信託保全は、金融商品取引業者が顧客から預かった金銭を信託銀行等に信託し、万が一業者が破綻しても顧客に返還できるよう守る制度です。投資信託の基準価額下落など、商品の運用結果による損失を補填する制度ではありません。,1:信託保全は顧客預かり金銭の保管・返還を守る制度であり、ファンドの値動きによる運用損失を補填するものではありません。投資リスクと混同する誤りです。,投信が下落した顧客に、信託保全の話と運用リスクの話を分けて説明する文例を1つ考えてみましょう。,,
28,marubatsu,その他法令・業務,二種;〇×;顧客本位の業務運営;コンプライアンス;standard,顧客本位の業務運営は、日本証券業協会が求める業務運営の基本方針の一つである。,,,,,,正しい,誤っている,,,1,顧客本位の業務運営は日証協が掲げる基本方針で、顧客の最善の利益を最優先する考え方です。,顧客本位＝日証協の方針。,正答は「正しい」です。顧客本位の業務運営は、日本証券業協会が証券会社等に求める業務運営の基本方針の一つで、顧客の最善の利益を最優先に考えて業務を行うという考え方です。損失の補填を意味するものではなく、業務プロセスの在り方を示す方針です。,2:顧客本位の業務運営は日証協が掲げる業務運営の基本方針の一つです。方針の存在を否定する「誤っている」は選べません。,顧客本位・自己責任原則・利益保護理念を、それぞれ「誰の何を守るか」で1行ずつ言い換えてみてください。,,
29,single,金融商品・サービス,二種;五肢;ETF;投資信託;standard,ETF（上場投資信託）に関する次の記述のうち、最も適切でないものはどれか。,,,,,,受益権は有価証券に該当する。,取引所において、株式と同様の仕組みで売買できる。,基準価額（NAV）と市場価格は、常に一致する。,一般の投資信託と比べ、日中の売買がしやすい場面がある。,3,ETFの市場価格と基準価額（NAV）は需給等により一致しない場面があり、常時イコールではありません。,NAVと市場価格は乖離し得る。,正答は（3）です。『基準価額（NAV）と市場価格は、常に一致する』は誤りです。ETFは取引所で需給により市場価格が決まりますが、基準価額は信託財産の評価額から算定されるため、需給の偏り等により両者は一致しない場面があり、常にイコールではありません。,1:受益権が有価証券に該当する点はETFの前提として適切な記述です。「最も適切でないもの」を選ぶ本問の正答（3）には当たりません。;2:取引所で株式同様の仕組みで売買できる点はETFの定義的特徴であり、適切な記述です。NAVと市場価格が常に一致する（3）という誤りとは別の論点です。;4:一般投信の1日1回申解と比べ日中売買しやすい場面がある点はETFの実務的特徴として妥当です。不適切な記述ではありません。;5:日経225連動型などインデックス連動型が多い点も商品構成の事実として適切です。正答（3）の誤りとは無関係です。,ETFの板を見たとき、市場価格と前日のNAVの差が何を意味するか、用語記事で確認してみましょう。,,インデックス（指数）に連動するタイプが多い。
30,single,勧誘・販売規則,二種;五肢;特定投資家;投資家区分;standard,特定投資家に関する次の記述のうち、誤っているものはどれか。,,,,,,一定の資産・知識等の要件を満たす投資家区分の一つである。,一般投資家に比べ、勧誘・販売規制が緩和される面がある。,顧客の口頭申告のみで、直ちに一般投資家から特定投資家に変更できる。,プロの投資家の一類型として整理される場合がある。,3,一般投資家から特定投資家への区分変更には、法定要件と手続が必要で、口頭申告だけでは足りません。,区分変更は手続が要る。,正答は（3）です。『顧客の口頭申告のみで、直ちに一般投資家から特定投資家に変更できる』は誤りです。特定投資家への区分変更には、純資産・金融資産・知識経験等の法定要件を満たすことに加え、書面による申告・確認など所定の手続が必要であり、口頭だけでは済みません。,1:一定の資産・知識等の要件を満たす投資家区分の一つである点は法令どおりの正しい記述です。「誤っているもの」を選ぶ本問の正答（3）にはなりません。;2:一般投資家より勧誘・販売規制が緩和される面がある点も、特定投資家制度の趣旨として正しい記述です。誤りではありません。;4:プロの投資家の一類型として整理される場合がある点は、一般・特定・プロの3区分の位置関係として妥当な正しい記述です。口頭申告だけで区分変更できる（3）とは別です。;5:区分により書面交付要件等が一般投資家と異なる場合がある点も、保護水準の差として正しい理解です。誤った記述ではありません。,区分変更の申込書類を一度目を通し、口頭だけでは済まない理由を自分の言葉で説明してみてください。,,区分により書面交付要件等が一般投資家と異なる場合がある。
31,marubatsu,金融商品・サービス,二種;〇×;国債;債券;basic,国債は、国が発行する債券である。,,,,,,正しい,誤っている,,,1,国債は国が資金調達のため発行する債券で、金商法上の有価証券に該当します。,国債＝国が発行する債券。,正答は「正しい」です。国債は、国（政府）が国の財政運営等の資金調達のために発行する債券であり、発行体が国である点が社債（会社発行）との違いです。金商法上の有価証券にも該当し、満期償還や利子の受取権はありますが、価格変動リスクや元本非保証の側面もあります。,2:国債は国が発行する債券であり、金商法上の有価証券に該当します。発行体が国である点の定義どおりの記述です。「誤っている」は外します。,個人向け国債を勧める場面を想定し、発行体・利子・償還・元本非保証を順に話せるか試してください。,,
32,marubatsu,金融商品・サービス,二種;〇×;株式分割;株式;basic,株式分割を行っても、株主の経済的持分は原則として変わらない。,,,,,,正しい,誤っている,,,1,株式分割では株数は増えますが、株主の経済的持分は原則として変わりません。,分割しても持分は原則不変。,正答は「正しい」です。株式分割は、1株を複数株に分割する手続で、株数は増えますが、分割に伴い1株あたりの株価はおおむね比例して調整されるため、株主全体の経済的持分（会社への出資比率・持分の価値）は原則として変わりません。投資単位を下げることが目的です。,2:株式分割で株数は増えても、株主の経済的持分は原則として変わりません。1株あたり価格が調整される仕組みです。「誤っている」は誤りです。,「1株3000円の株を2分割したら、持ち株数と1株価格はどうなるか」を数字で計算してみましょう。,,
33,marubatsu,勧誘・販売規則,二種;〇×;適合性の原則;勧誘;basic,顧客の知識・経験・財産・投資目的に照らし、不適当な勧誘を行ってはならない。,,,,,,正しい,誤っている,,,1,第40条の適合性の原則は、顧客の状況に照らし不適当な勧誘を行わないことを求めるルールです。,40条＝勧誘の適否。,正答は「正しい」です。第40条の適合性の原則は、顧客の知識・経験・財産の状況および投資目的に照らし、その顧客に対して不適当な勧誘を行ってはならないと定めています。問題文は条文の趣旨をそのまま表しており、37条の説明があってもこの確認は別途必要です。,2:第40条の適合性の原則は、顧客の知識・経験・財産・目的に照らし不適当な勧誘をしてはならないと定めています。条文趣旨どおりです。「誤っている」は当たりません。,勧誘前ヒアリングで聞く4要素（知識・経験・財産・目的）を、実際の質問文に落としてみてください。,,
34,marubatsu,勧誘・販売規則,二種;〇×;取次;媒介;basic,取次は、自己の名で他人の計算により契約を媒介する法律行為である。,,,,,,正しい,誤っている,,,1,取次は自己の名で他人の計算により契約を媒介する民法上の類型で、証券会社の注文執行に近いイメージです。,取次＝自己の名・他人の計算。,正答は「正しい」です。取次は、自己の名で他人の計算により契約を媒介する法律行為であり、民法上の類型として定義されています。証券会社が顧客の売買注文を市場に出す場面は、取次に近いイメージで理解できます（代理・自己取引とは異なります）。,2:取次は自己の名で他人の計算により契約を媒介する法律行為です。民法の定義どおりの記述なので「誤っている」は選べません。,顧客の売り注文を市場に出す場面が、取次・代理・自己取引のどれに当たるか、具体例で当てはめてみましょう。,,
35,marubatsu,金融商品取引法,二種;〇×;相場操縦;不公正取引;basic,虚偽の注文等により有価証券等の相場を人為的に変動させる行為は、相場操縦として禁止される。,,,,,,正しい,誤っている,,,1,虚偽の注文や通謀売買などで相場を人為的に動かす行為は、第159条等で禁止される相場操縦です。,相場操縦＝需給の人為操作。,正答は「正しい」です。虚偽の注文や通謀売買などにより、有価証券等の相場を人為的に変動させる行為は、市場の公正を害するため、金融商品取引法第159条等により相場操縦として禁止されています。インサイダー取引（未公表情報の利用）や説の流布とは規制の類型が異なります。,2:虚偽の注文等で相場を人為的に変動させる行為は相場操縦として禁止されます。第159条等の典型類型です。「誤っている」は外します。,ニュース見出しだけ読んで、インサイダー・相場操縦・説の流布のどれが疑われるか分類する練習をしてみてください。,,
36,marubatsu,金融商品取引法,二種;〇×;未公開重要事実;インサイダー;basic,適時開示によりすでに公表された重要事実は、未公開重要事実には該当しない。,,,,,,正しい,誤っている,,,1,すでに適時開示等で公表された事実は、未公開重要事実には当たりません。,公表済みは未公開ではない。,正答は「正しい」です。未公開重要事実は、投資判断に影響を与える重要な事実であり、かつ、まだ適時開示等により市場に公表されていないことの両方が必要です。すでに公表された事実は、第二の『未公開』要件を満たさないため、未公開重要事実には該当しません。,2:適時開示等で公表済みの事実は、すでに市場に出ているため未公開重要事実には該当しません。公表後は第二の要件を満たしません。「誤っている」は誤りです。,適時開示のプレスリリースが出た時点で、社内関係者の取引規制がどう変わるか、時系列で追ってみましょう。,,
37,marubatsu,その他法令・業務,二種;〇×;本人確認;AML;basic,本人確認は、犯罪収益移転防止法に基づく身元確認の手続である。,,,,,,正しい,誤っている,,,1,本人確認は犯収法に基づき、取引開始時等に顧客の身元を確かめる手続です。,本人確認＝犯収法の身元確認。,正答は「正しい」です。本人確認（取引時確認）は、犯罪収益移転防止法に基づき、金融機関等が取引開始時等に顧客の氏名・住所等を確認する手続です。マネーロンダリング・テロ資金供与対策が目的であり、商品リスクの説明（第37条）や勧誘の適否（第40条）とは別のレイヤーの制度です。,2:本人確認は犯収法に基づく取引時確認の手続で、マネロン対策が目的です。商品説明（37条）とは別のレイヤーですが、記述自体は正しいので「誤っている」は選べません。,口座開設で運転免許証を確認する作業が、適合性ヒアリングや商品説明と別目的であることを説明できるか確認してください。,,
38,marubatsu,その他法令・業務,二種;〇×;コンプライアンス;法令遵守;basic,コンプライアンスは、法令・規則・社内規程を遵守する体制・活動をいう。,,,,,,正しい,誤っている,,,1,コンプライアンスは法令・規則・社内規程を守る体制と、その実践活動を指す用語です。,コンプラ＝法令遵守の仕組み。,正答は「正しい」です。コンプライアンスは、法令・行政規則・業界規則・社内規程等を遵守するための体制整備と、その実践活動を指す用語です。法律の正式名称でも、投資結果を保証する制度でもなく、日常業務で守るべきルール全体を包括する概念です。,2:コンプライアンスは法令・規則・社内規程を遵守する体制と活動を指す用語です。日常で使う定義どおりです。「誤っている」は当たりません。,自分の部署で毎日触れるコンプラ項目を3つ挙げ、それぞれ根拠となる法令や規則を調べてみましょう。,,
39,single,金融商品取引法,二種;五肢;第二種金融商品取引業;業種;basic,第二種金融商品取引業に関する次の記述のうち、正しいものはどれか。,,,,,,有価証券の引受を行うことができる。,有価証券の売買の媒介・代理等を行う業態である。,第一種金融商品取引業と業務範囲に差はない。,証券会社にのみ存在し、銀行等は登録できない。,2,第二種金融商品取引業は、顧客の委託に基づく売買の媒介・代理などが中心の登録業態です。,二種業＝仲介型。,正答は（2）です。『有価証券の売買の媒介・代理等を行う業態である』は、第二種金融商品取引業の定義どおりの記述です。顧客の委託に基づき売買を仲介する業態であり、引受（1）や自己の計算による売買中心（5）は第一種業のイメージ、業務範囲に差がない（3）や銀行は登録不可（4）も誤りです。,1:第二種業者は原則として有価証券の引受を行えません。引受は第一種金融商品取引業の典型業務であり、本問「正しいもの」の正答（2）とは異なる誤った記述です。;3:一種業と二種業は引受・自己売買の可否など業務範囲が異なります。「業務範囲に差はない」とするのは一種・二種の対比を無視した誤りです。;4:銀行等も第二種金融商品取引業の登録を行い、窓口で投信販売等を行う場合があります。「証券会社にのみ存在」は登録実態と合わない誤りです。;5:第二種業は顧客の委託に基づく媒介・代理が中心であり、自己の計算による売買を業務の中心とするのは第一種業のイメージです。誤った記述です。,勤務先（または想定する勤務先）が一種業か二種業か、登録業務を調べて一言で言えるようにしておきましょう。,,自己の計算による売買が業務の中心である。
40,single,金融商品取引法,二種;五肢;分別管理;顧客資産;basic,分別管理に関する次の記述のうち、誤っているものはどれか。,,,,,,金融商品取引業者が顧客の金銭・有価証券を自己の財産と混同して管理してはならない。,顧客の預かり金銭については、信託保全と組み合わせて保護が強化される。,義務者は金融商品取引業者であり、有価証券の発行者が直接義務を負う。,顧客資産を自己財産と区分して管理する義務に基づく。,3,分別管理の義務者は金融商品取引業者であり、有価証券の発行者が直接この義務を負うわけではありません。,分別管理の義務者は業者。,正答は（3）です。『義務者は金融商品取引業者であり、有価証券の発行者が直接義務を負う』は誤りです。顧客の金銭・有価証券を自己財産と混同して管理してはならない義務（第43条の分別管理）は、顧客から資産を預かる金融商品取引業者が負います。有価証券の発行者は情報開示義務者など別の義務を負いますが、顧客預かり資産の分別管理義務者ではありません。,1:顧客の金銭・有価証券を自己財産と混同して管理してはならない点は第43条の混同禁止として正しい記述です。「誤っているもの」を選ぶ本問の正答（3）にはなりません。;2:顧客の預かり金銭については信託保全と組み合わせて保護が強化される点は、分別管理とセットで学ぶ正しい理解です。誤りではありません。;4:顧客資産を自己財産と区分して管理する義務に基づく点も、第43条の趣旨どおりの正しい記述です。正答（3）の義務者の取り違えとは別です。;5:外務員が日常業務で預かり資産の扱いに触れる点は窓口実務との接続として妥当な記述です。誤った内容ではありません。,発行者の情報開示義務と、業者の顧客資産管理義務を、主体が違うと言い換えてみてください。,,外務員は日常業務で預かり資産の扱いに触れるため、実務上も重要である。
41,marubatsu,金融商品・サービス,二種;〇×;受益証券;投資信託;standard,受益証券は、投資信託の受益権を表示する有価証券であり、株式と同一のものである。,,,,,,正しい,誤っている,,,2,受益証券は投信の受益権を表示する有価証券であり、株式のような出資・所有の地位を表すものではありません。,受益証券は株ではない。,正答は「誤っている」です。受益証券は投資信託の受益権を表示する有価証券である、という前半は正しいです。しかし株式と同一のものである、という後半は誤りです。株式は会社への出資持分を表し、受益証券は信託財産に対する受益権を表すもので、法律上の地位も権利内容も異なります。,1:受益証券は投信の受益権を表示する有価証券ですが、株式のような出資者としての地位を表すものではありません。同一であるとする後半が誤りなので、「正しい」は選べません。,一般投信の口座簿記と、ETFの上場受益証券の違いを、同じ投信ファミリーで比較してみましょう。,,
42,marubatsu,金融商品・サービス,二種;〇×;基準価額;投資信託;standard,投資信託の基準価額は、分配金を受け取っても原則として変動しない。,,,,,,正しい,誤っている,,,2,分配金の支払いに伴い、原則として基準価額は下がります（除権）。固定の元本のように動かないわけではありません。,分配で基準価額は原則下落。,正答は「誤っている」です。投資信託で分配金を支払うと、原則として除権により基準価額は下落します。分配によって信託財産から金銭が流出するため、受益権1口あたりの純資産価額（基準価額）は下がるのが通常です。分配を受けても基準価額が動かない、という記述は除権の仕組みを見落としています。,1:分配金の支払いには除権があり、原則として基準価額は下落します。分配を受けても価額が動かないとするのは除権の仕組みを見落とした誤りです。,分配金受取前後で基準価額がどう見えるか、ファンドの過去データを1件眺めてみてください。,,
43,marubatsu,勧誘・販売規則,二種;〇×;勧誘;適合性の原則;standard,勧誘において重要事項説明を行えば、顧客の知識・経験・財産・目的に照らした確認は不要である。,,,,,,正しい,誤っている,,,2,37条の重要事項説明があっても、40条の適合性に基づく勧誘判断は別途必要です。,説明済みでも適合性は残る。,正答は「誤っている」です。重要事項説明（第37条）で商品のリスク等を伝えたとしても、顧客の知識・経験・財産・投資目的に照らして勧誘してよいかを判断する適合性の原則（第40条）は、別途必要です。説明と勧誘の適否は異なるレイヤーの義務です。,1:重要事項説明（37条）を行っても、顧客の知識・経験・財産・目的に照らした勧誘判断（40条）は別途必要です。「正しい」は2条文を混同しています。,説明が終わった直後に「この商品はご状況に合いますか」と確認する一言を、ロールプレイで入れてみましょう。,,
44,marubatsu,勧誘・販売規則,二種;〇×;代理;取次;standard,代理における法律行為の効果は、原則として代理人個人に帰属する。,,,,,,正しい,誤っている,,,2,代理では法律行為の効果は本人に帰属し、代理人個人の財産や責任に直接帰属するわけではありません。,代理の効果は本人へ。,正答は「誤っている」です。代理における法律行為の効果は、原則として本人（被代理人）に帰属し、代理人個人の財産や責任に直接帰属するわけではありません。取次（自己の名・他人の計算で媒介）と混同すると誤る典型パターンです。,1:代理では法律行為の効果は本人に帰属し、代理人個人には原則帰属しません。取次（自己の名・他人の計算）と混同した誤りです。,4類型（代理・取次・媒介・自己取引）を、証券会社の売買フローに当てはめた図を1枚描いてみてください。,,
45,marubatsu,金融商品取引法,二種;〇×;金融商品取引業者;登録;standard,有価証券を発行した上場会社は、それだけで金融商品取引業者である。,,,,,,正しい,誤っている,,,2,金融商品取引業者は金商法の登録を受けた業者であり、有価証券を発行した会社そのものとは別の主体です。,発行者≠登録業者。,正答は「誤っている」です。有価証券を発行した上場会社は、適時開示等の義務を負う開示義務者になり得ますが、それだけで金融商品取引法の登録を受けた金融商品取引業者（売買の媒介・引受等を行う業者）になるわけではありません。発行者と業者は別の主体です。,1:有価証券を発行した上場会社は開示義務者になり得ますが、それだけで金融商品取引業者（登録業者）になるわけではありません。発行者と業者は別主体です。,ニュースで上場企業名が出たとき、発行者としての義務と、証券会社としての義務を分けて読む習慣をつけましょう。,,
46,marubatsu,金融商品取引法,二種;〇×;適時開示;重要事実;standard,適時開示により公表された重要事実を知って行う取引は、すべてインサイダー取引に該当する。,,,,,,正しい,誤っている,,,2,適時開示で公表済みの情報を使った通常の売買まで、すべてインサイダー取引とされるわけではありません。,公表後の通常売買は別論点。,正答は「誤っている」です。適時開示等によりすでに公表された重要事実を知って行う通常の売買は、未公開重要事実の利用禁止（インサイダー取引規制）の対象にはなりません。規制の対象は、まだ公表されていない重要事実を知った状態での取引です。公表済みか未公表かが分岐点です。,1:適時開示で公表済みの情報を使った通常の売買まで、すべてインサイダー取引とされるわけではありません。未公開重要事実かどうかが分岐点であり、問題文はこの点を誤っており「正しい」は選べません。,決算発表後に個人投資家が売買する場面と、発表前に役員が売る場面を、規制の観点で対比してみてください。,,
47,marubatsu,その他法令・業務,二種;〇×;金融サービス提供法;金サ法;standard,金融サービス提供法は、金融商品取引法と完全に同一の法律である。,,,,,,正しい,誤っている,,,2,金融サービス提供法（金サ法）は銀行・保険・証券を横断する規制で、金融商品取引法とは役割分担しています。,金サ法と金商法は別法。,正答は「誤っている」です。金融サービス提供法（金サ法）は、銀行・保険・証券を横断して、金融商品の勧誘・販売に関する共通ルール等を定める法律であり、金融商品取引法（金商法）とは役割分担しています。金商法と完全に同一の法律である、という理解は法令上の整理と合いません。,1:金融サービス提供法（金サ法）は銀行・保険・証券を横断する規制であり、金融商品取引法とは役割分担しています。完全同一の法律ではないため「正しい」は誤りです。,金商法・金サ法・金販法を、規制の対象業態と主な目的で3行ずつ書き比べてみましょう。,,
48,marubatsu,その他法令・業務,二種;〇×;倫理綱領;コンプライアンス;standard,倫理綱領は、金融商品取引法に定められた法律の正式名称の一つである。,,,,,,正しい,誤っている,,,2,倫理綱領は日本証券業協会の自主規制文書であり、金融商品取引法という法律の名称ではありません。,倫理綱領＝協会の規範。,正答は「誤っている」です。倫理綱領は、日本証券業協会が定める自主規制の文書であり、証券会社等の行動規範を示すものです。金融商品取引法という国会制定の法律の正式名称ではありません。法令・協会規則・社内規程は規範の層が異なります。,1:倫理綱領は日本証券業協会の自主規制文書であり、金融商品取引法という法律の正式名称ではありません。法令と協会規範の層を取り違えた誤りなので、「正しい」は選べません。,倫理綱領・勧誘規則・社内マニュアルのどれが最も上位の行動基準か、自分の言葉で説明してみてください。,,
49,single,その他法令・業務,二種;五肢;クーリング・オフ;金販法;standard,クーリング・オフに関する次の記述のうち、最も適切でないものはどれか。,,,,,,契約成立後、一定期間内に顧客が無条件で契約を解除できる制度がある。,訪問販売・電話勧誘等、顧客の冷静な判断が難しい場面での保護を目的とする。,すべての店頭売買において、いつでも口頭のみで無条件に適用される。,金融商品の販売等に関する法律（金販法）等に関連する制度である。,3,クーリング・オフは場面・商品・手続に要件があり、すべての店頭売買を口頭だけでいつでも解除できる制度ではありません。,適用は場面限定・手続あり。,正答は（3）です。『すべての店頭売買において、いつでも口頭のみで無条件に適用される』は、最も適切でない記述です。クーリング・オフは訪問販売・電話勧誘など一定の販売形態に適用され、商品区分・手続・期間などの要件があり、すべての店頭売買に口頭だけでいつでも使える制度ではありません。,1:契約成立後一定期間に顧客が無条件で解除できる制度がある点は、クーリング・オフの核心として妥当な記述です。「最も適切でないもの」の正答（3）には当たりません。;2:訪問販売・電話勧誘等、顧客の冷静な判断が難しい場面を想定する点も制度の目的として適切です。不適切な記述ではありません。;4:金融商品の販売等に関する法律（金販法）等に関連する制度である点も、法令上の位置づけとして正しい整理です。店頭売買への無条件適用（3）とは別の話です。;5:適用には商品区分・販売形態・期間・手続等の要件がある点も、すべての店頭売買に口頭だけで適用される（3）という誤りと対比する実務のポイントとして妥当です。,訪問販売で契約した顧客から解除の相談が来たとき、最初に確認すべき3項目をリストアップしてみましょう。,,適用には商品区分・販売形態・期間・手続等の要件がある。
50,single,金融商品取引法,二種;五肢;インサイダー取引;未公開重要事実;standard,インサイダー取引に関する次の記述のうち、誤っているものはどれか。,,,,,,未公開重要事実を知りながら行う有価証券等の取引が規制の対象となり得る。,金融商品取引法第166条等に関連する不公正取引の一類型である。,有価証券等の取引は、株式に限られ、社債等は対象外である。,虚偽の注文で相場を動かす行為は、相場操縦の論点であり、類型が異なる。,3,インサイダー規制の対象は有価証券等であり、株式だけに限定されません。社債等も含まれ得ます。,対象は有価証券等。,正答は（3）です。『有価証券等の取引は、株式に限られ、社債等は対象外である』は誤りです。インサイダー取引規制の対象は有価証券等の取引であり、株式に限られず、社債・投資信託の受益権なども含まれ得ます。未公開重要事実を知った状態での取引が問題となる点が核心です。,1:未公開重要事実を知りながら行う有価証券等の取引が規制の対象となり得る点は、インサイダー取引規制の核心として正しい記述です。「誤っているもの」の正答（3）にはなりません。;2:金融商品取引法第166条等に関連する不公正取引の一類型である点も、法令上の位置づけとして正しい整理です。誤りではありません。;4:虚偽の注文で相場を動かす行為は相場操縦（第159条等）の論点であり、未公表情報の不公平利用であるインサイダー取引とは類型が異なる点の説明として妥当です。;5:適時開示により公表済みの情報を利用した通常の売買まで一律禁止されるわけではない点も、未公開か公表済みかの区別として正しい理解です。株式に限定される（3）という誤りとは別です。,社債や投信受益権の売買でも、未公開重要事実が絡むケースを想定し、166条の検討が必要か考えてみてください。,,適時開示により公表済みの情報を利用した通常の売買まで一律禁止されるわけではない。
